===== Config file =====
[exclude_object]

[gcode_macro BED_MESH_CALIBRATE]
rename_existing = _BED_MESH_CALIBRATE
gcode = 
	
	{% set all_points = printer.exclude_object.objects | map(attribute='polygon') | sum(start=[]) %}
	{% set bed_mesh_min = printer.configfile.settings.bed_mesh.mesh_min %}
	{% set bed_mesh_max = printer.configfile.settings.bed_mesh.mesh_max %}
	{% set probe_count = printer.configfile.settings.bed_mesh.probe_count %}
	{% set kamp_settings = printer["gcode_macro _KAMP_Settings"] %}
	{% set verbose_enable = kamp_settings.verbose_enable | abs %}
	{% set probe_dock_enable = kamp_settings.probe_dock_enable | abs %}
	{% set attach_macro = kamp_settings.attach_macro | string %}
	{% set detach_macro = kamp_settings.detach_macro | string %}
	{% set mesh_margin = kamp_settings.mesh_margin | float %}
	{% set fuzz_amount = kamp_settings.fuzz_amount | float %}
	{% set probe_count = probe_count if probe_count|length > 1 else probe_count * 2  %}
	{% set max_probe_point_distance_x = ( bed_mesh_max[0] - bed_mesh_min[0] ) / (probe_count[0] - 1)  %}
	{% set max_probe_point_distance_y = ( bed_mesh_max[1] - bed_mesh_min[1] ) / (probe_count[1] - 1)  %}
	{% set x_min = all_points | map(attribute=0) | min | default(bed_mesh_min[0]) %}
	{% set y_min = all_points | map(attribute=1) | min | default(bed_mesh_min[1]) %}
	{% set x_max = all_points | map(attribute=0) | max | default(bed_mesh_max[0]) %}
	{% set y_max = all_points | map(attribute=1) | max | default(bed_mesh_max[1]) %}
	
	{% set fuzz_range = range((0) | int, (fuzz_amount * 100) | int + 1) %}
	{% set adapted_x_min = x_min - mesh_margin - (fuzz_range | random / 100.0) %}
	{% set adapted_y_min = y_min - mesh_margin - (fuzz_range | random / 100.0) %}
	{% set adapted_x_max = x_max + mesh_margin + (fuzz_range | random / 100.0) %}
	{% set adapted_y_max = y_max + mesh_margin + (fuzz_range | random / 100.0) %}
	
	{% set adapted_x_min = [adapted_x_min , bed_mesh_min[0]] | max %}
	{% set adapted_y_min = [adapted_y_min , bed_mesh_min[1]] | max %}
	{% set adapted_x_max = [adapted_x_max , bed_mesh_max[0]] | min %}
	{% set adapted_y_max = [adapted_y_max , bed_mesh_max[1]] | min %}
	
	{% set points_x = (((adapted_x_max - adapted_x_min) / max_probe_point_distance_x) | round(method='ceil') | int) + 1 %}
	{% set points_y = (((adapted_y_max - adapted_y_min) / max_probe_point_distance_y) | round(method='ceil') | int) + 1 %}
	
	{% if (([points_x, points_y]|max) > 6) %}
	{% set algorithm = "bicubic" %}
	{% set min_points = 4 %}
	{% else %}
	{% set algorithm = "lagrange" %}
	{% set min_points = 3 %}
	{% endif %}
	
	{% set points_x = [points_x , min_points]|max %}
	{% set points_y = [points_y , min_points]|max %}
	{% set points_x = [points_x , probe_count[0]]|min %}
	{% set points_y = [points_y , probe_count[1]]|min %}
	
	{% if verbose_enable == True %}
	{% if printer.exclude_object.objects != [] %}
	
	{ action_respond_info( "Algorithm: {}.".format(
	(algorithm),
	)) }
	
	{ action_respond_info("Default probe count: {},{}.".format(
	(probe_count[0]),
	(probe_count[1]),
	)) }
	
	{ action_respond_info("Adapted probe count: {},{}.".format(
	(points_x),
	(points_y),
	)) }
	
	{action_respond_info("Default mesh bounds: {}, {}.".format(
	(bed_mesh_min[0],bed_mesh_min[1]),
	(bed_mesh_max[0],bed_mesh_max[1]),
	)) }
	
	{% if mesh_margin > 0 %}
	{action_respond_info("Mesh margin is {}, mesh bounds extended by {}mm.".format(
	(mesh_margin),
	(mesh_margin),
	)) }
	{% else %}
	{action_respond_info("Mesh margin is 0, margin not increased.")}
	{% endif %}
	
	{% if fuzz_amount > 0 %}
	{action_respond_info("Mesh point fuzzing enabled, points fuzzed up to {}mm.".format(
	(fuzz_amount),
	)) }
	{% else %}
	{action_respond_info("Fuzz amount is 0, mesh points not fuzzed.")}
	{% endif %}
	
	{ action_respond_info("Adapted mesh bounds: {}, {}.".format(
	(adapted_x_min, adapted_y_min),
	(adapted_x_max, adapted_y_max),
	)) }
	
	{action_respond_info("KAMP adjustments successful. Happy KAMPing!")}
	
	{% else %}
	
	{action_respond_info("No objects detected! Check your gcode and make sure that EXCLUDE_OBJECT_DEFINE is happening before BED_MESH_CALIBRATE is called. Defaulting to regular meshing.")}
	G4 P5000
	{% endif %}
	
	{% endif %}
	
	{% if probe_dock_enable == True %}
	{attach_macro}
	{% endif %}
	
	_BED_MESH_CALIBRATE mesh_min={adapted_x_min},{adapted_y_min} mesh_max={adapted_x_max},{adapted_y_max} ALGORITHM={algorithm} PROBE_COUNT={points_x},{points_y}
	
	{% if probe_dock_enable == True %}
	{detach_macro}
	{% endif %}

[gcode_macro _KAMP_Settings]
description = This macro contains all adjustable settings for KAMP
variable_verbose_enable = True
variable_mesh_margin = 0
variable_fuzz_amount = 0
variable_probe_dock_enable = False
variable_attach_macro = 'Attach_Probe'
variable_detach_macro = 'Dock_Probe'
variable_purge_height = 0.8
variable_tip_distance = 0
variable_purge_margin = 10
variable_purge_amount = 30
variable_flow_rate = 12
variable_smart_park_height = 10
gcode = 
	
	{action_respond_info(" Running the KAMP_Settings macro does nothing, it is only used for storing KAMP settings. ")}

[stepper_x]
step_pin = PC2
dir_pin = PB9
enable_pin = !PC3
microsteps = 16
rotation_distance = 40
endstop_pin = !PA5
position_endstop = -10
position_max = 235
position_min = -10
homing_speed = 50

[stepper_y]
step_pin = PB8
dir_pin = PB7
enable_pin = !PC3
microsteps = 16
rotation_distance = 40
endstop_pin = !PA6
position_endstop = -8
position_max = 225
position_min = -8
homing_speed = 50

[stepper_z]
step_pin = PB6
dir_pin = !PB5
enable_pin = !PC3
microsteps = 16
rotation_distance = 8
endstop_pin = probe:z_virtual_endstop
position_max = 270
position_min = -4

[extruder]
step_pin = PB4
dir_pin = PB3
enable_pin = !PC3
microsteps = 16
gear_ratio = 42:12
rotation_distance = 26.359
nozzle_diameter = 0.400
filament_diameter = 1.750
heater_pin = PA1
sensor_type = EPCOS 100K B57560G104F
sensor_pin = PC5
control = pid
pid_kp = 23.561
pid_ki = 1.208
pid_kd = 114.859
min_temp = 0
max_temp = 260
pressure_advance = 0

[heater_bed]
heater_pin = PA7
sensor_type = EPCOS 100K B57560G104F
sensor_pin = PC4
control = pid
pid_kp = 71.867
pid_ki = 1.536
pid_kd = 840.843
min_temp = 0
max_temp = 100

[heater_fan hotend_fan]
pin = PC0

[fan]
pin = PA0

[mcu]
serial = /dev/serial/by-id/usb-1a86_USB_Serial-if00-port0
restart_method = command

[printer]
kinematics = cartesian
max_velocity = 300
max_accel = 2000
max_z_velocity = 5
max_z_accel = 100

[bltouch]
sensor_pin = ^PC14
control_pin = PC13
x_offset = -31.8
y_offset = -40.5
probe_with_touch_mode = true
stow_on_each_sample = false
z_offset = 3.275

[bed_mesh]
speed = 120
mesh_min = 0, 0
mesh_max = 203.2, 184.5
probe_count = 5,5
algorithm = bicubic

[safe_z_home]
home_xy_position = 147, 154
speed = 75
z_hop = 10
z_hop_speed = 5

[filament_switch_sensor e0_sensor]
switch_pin = !PC15
pause_on_runout = true
runout_gcode = PAUSE

[pause_resume]
recover_velocity = 25

[bed_screws]
screw1 = 20, 24
screw2 = 195, 24
screw3 = 195, 198
screw4 = 20, 198

[virtual_sdcard]
path = ~/printer_data/gcodes

[display_status]

[respond]

[gcode_macro START_PRINT]
gcode = 
	BED_MESH_CALIBRATE
	RESPOND TYPE=error MSG='start_print ran'

[gcode_macro PAUSE]
description = Pause the actual running print
rename_existing = PAUSE_BASE
variable_extrude = 1.0
gcode = 
	
	{% set E = printer["gcode_macro PAUSE"].extrude|float %}
	
	
	{% set x_park = printer.toolhead.axis_maximum.x|float - 5.0 %}
	{% set y_park = printer.toolhead.axis_maximum.y|float - 5.0 %}
	
	{% set max_z = printer.toolhead.axis_maximum.z|float %}
	{% set act_z = printer.toolhead.position.z|float %}
	{% if act_z < (max_z - 2.0) %}
	{% set z_safe = 2.0 %}
	{% else %}
	{% set z_safe = max_z - act_z %}
	{% endif %}
	
	PAUSE_BASE
	G91
	{% if printer.extruder.can_extrude|lower == 'true' %}
	G1 E-{E} F2100
	{% else %}
	{action_respond_info("Extruder not hot enough")}
	{% endif %}
	{% if "xyz" in printer.toolhead.homed_axes %}
	G1 Z{z_safe} F900
	G90
	G1 X{x_park} Y{y_park} F6000
	{% else %}
	{action_respond_info("Printer not homed")}
	{% endif %}

[gcode_macro RESUME]
description = Resume the actual running print
rename_existing = RESUME_BASE
gcode = 
	
	{% set E = printer["gcode_macro PAUSE"].extrude|float %}
	
	{% if 'VELOCITY' in params|upper %}
	{% set get_params = ('VELOCITY=' + params.VELOCITY)  %}
	{%else %}
	{% set get_params = "" %}
	{% endif %}
	
	{% if printer.extruder.can_extrude|lower == 'true' %}
	G91
	G1 E{E} F2100
	{% else %}
	{action_respond_info("Extruder not hot enough")}
	{% endif %}
	RESUME_BASE {get_params}

[gcode_macro CANCEL_PRINT]
description = Cancel the actual running print
rename_existing = CANCEL_PRINT_BASE
gcode = 
	TURN_OFF_HEATERS
	CANCEL_PRINT_BASE

[idle_timeout]
timeout = 99999

[bed_mesh default]
version = 1
points = 
	-0.032500, -0.017500, 0.002500
	-0.007500, -0.005000, 0.032500
	0.055000, 0.047500, 0.070000
x_count = 3
y_count = 3
mesh_x_pps = 2
mesh_y_pps = 2
algo = lagrange
tension = 0.2
min_x = 78.21000000000001
max_x = 141.79
min_y = 91.88999999999999
max_y = 128.11
=======================
Loaded MCU 'mcu' 106 commands (v0.12.0-111-g4f00f219 / gcc: (15:10.3-2021.07-4) 10.3.1 20210621 (release) binutils: (2.38-3ubuntu1+15build1) 2.38)
MCU 'mcu' config: ADC_MAX=4095 BUS_PINS_i2c1=PB6,PB7 BUS_PINS_i2c1a=PB8,PB9 BUS_PINS_i2c2=PB10,PB11 BUS_PINS_spi1=PA6,PA7,PA5 BUS_PINS_spi1a=PB4,PB5,PB3 BUS_PINS_spi2=PB14,PB15,PB13 BUS_PINS_spi3=PB4,PB5,PB3 CLOCK_FREQ=72000000 MCU=stm32f103xe PWM_MAX=255 RECEIVE_WINDOW=192 RESERVE_PINS_serial=PA10,PA9 SERIAL_BAUD=250000 STATS_SUMSQ_BASE=256 STEPPER_BOTH_EDGE=1
Configured MCU 'mcu' (1024 moves)
Args: ['/home/daniel/klipper/klippy/klippy.py', '/home/daniel/printer_data/config/printer.cfg', '-I', '/home/daniel/printer_data/comms/klippy.serial', '-l', '/home/daniel/printer_data/logs/klippy.log', '-a', '/home/daniel/printer_data/comms/klippy.sock']
Git version: 'v0.12.0-111-g4f00f219'
Branch: master
Remote: origin
Tracked URL: https://github.com/Klipper3d/klipper
CPU: 4 core Intel(R) Core(TM) i5-5200U CPU @ 2.20GHz
Python: '3.10.12 (main, Nov  4 2025, 08:48:33) [GCC 11.4.0]'
webhooks client 139683375361248: {'program': 'Moonraker', 'version': 'v0.8.0-311-g65a8271'}
=============== Log rollover at Mon Jan  5 00:00:00 2026 ===============
Stats 3985447.0: gcodein=0  mcu: mcu_awake=0.001 mcu_task_avg=0.000014 mcu_task_stddev=0.000008 bytes_write=16031699 bytes_read=16422191 bytes_retransmit=9 bytes_invalid=0 send_seq=499931 receive_seq=499931 retransmit_seq=2 srtt=0.003 rttvar=0.000 rto=0.025 ready_bytes=0 upcoming_bytes=0 freq=71999176 heater_bed: target=60 temp=60.0 pwm=0.114  sysload=1.11 cputime=1726.381 memavail=6526156 print_time=23235.914 buffer_time=0.000 print_stall=0 extruder: target=0 temp=23.3 pwm=0.000
Stats 3985448.0: gcodein=0  mcu: mcu_awake=0.001 mcu_task_avg=0.000014 mcu_task_stddev=0.000008 bytes_write=16031741 bytes_read=16422353 bytes_retransmit=9 bytes_invalid=0 send_seq=499935 receive_seq=499935 retransmit_seq=2 srtt=0.003 rttvar=0.000 rto=0.025 ready_bytes=0 upcoming_bytes=0 freq=71999169 heater_bed: target=60 temp=60.0 pwm=0.147  sysload=1.11 cputime=1726.388 memavail=6503932 print_time=23235.914 buffer_time=0.000 print_stall=0 extruder: target=0 temp=23.3 pwm=0.000
Stats 3985449.0: gcodein=0  mcu: mcu_awake=0.001 mcu_task_avg=0.000014 mcu_task_stddev=0.000008 bytes_write=16031794 bytes_read=16422474 bytes_retransmit=9 bytes_invalid=0 send_seq=499939 receive_seq=499939 retransmit_seq=2 srtt=0.003 rttvar=0.000 rto=0.025 ready_bytes=0 upcoming_bytes=0 freq=71999166 heater_bed: target=60 temp=60.0 pwm=0.238  sysload=1.11 cputime=1726.393 memavail=6487676 print_time=23235.914 buffer_time=0.000 print_stall=0 extruder: target=0 temp=23.3 pwm=0.000
Stats 3985450.0: gcodein=0  mcu: mcu_awake=0.001 mcu_task_avg=0.000014 mcu_task_stddev=0.000008 bytes_write=16031831 bytes_read=16422604 bytes_retransmit=9 bytes_invalid=0 send_seq=499942 receive_seq=499942 retransmit_seq=2 srtt=0.003 rttvar=0.000 rto=0.025 ready_bytes=0 upcoming_bytes=0 freq=71999169 heater_bed: target=60 temp=60.0 pwm=0.223  sysload=1.11 cputime=1726.397 memavail=6481424 print_time=23235.914 buffer_time=0.000 print_stall=0 extruder: target=0 temp=23.3 pwm=0.000
Stats 3985451.0: gcodein=0  mcu: mcu_awake=0.001 mcu_task_avg=0.000014 mcu_task_stddev=0.000008 bytes_write=16031862 bytes_read=16422745 bytes_retransmit=9 bytes_invalid=0 send_seq=499944 receive_seq=499944 retransmit_seq=2 srtt=0.003 rttvar=0.000 rto=0.025 ready_bytes=0 upcoming_bytes=0 freq=71999167 heater_bed: target=60 temp=60.0 pwm=0.094  sysload=1.11 cputime=1726.401 memavail=6473440 print_time=23235.914 buffer_time=0.000 print_stall=0 extruder: target=0 temp=23.3 pwm=0.000
Stats 3985452.0: gcodein=0  mcu: mcu_awake=0.001 mcu_task_avg=0.000014 mcu_task_stddev=0.000008 bytes_write=16031899 bytes_read=16422861 bytes_retransmit=9 bytes_invalid=0 send_seq=499947 receive_seq=499947 retransmit_seq=2 srtt=0.003 rttvar=0.000 rto=0.025 ready_bytes=0 upcoming_bytes=0 freq=71999164 heater_bed: target=60 temp=60.0 pwm=0.291  sysload=1.42 cputime=1726.405 memavail=6434152 print_time=23235.914 buffer_time=0.000 print_stall=0 extruder: target=0 temp=23.3 pwm=0.000
Stats 3985453.0: gcodein=0  mcu: mcu_awake=0.001 mcu_task_avg=0.000014 mcu_task_stddev=0.000008 bytes_write=16031935 bytes_read=16422977 bytes_retransmit=9 bytes_invalid=0 send_seq=499950 receive_seq=499950 retransmit_seq=2 srtt=0.003 rttvar=0.000 rto=0.025 ready_bytes=0 upcoming_bytes=0 freq=71999162 heater_bed: target=60 temp=60.0 pwm=0.114  sysload=1.42 cputime=1726.409 memavail=6428232 print_time=23235.914 buffer_time=0.000 print_stall=0 extruder: target=0 temp=23.3 pwm=0.000
Stats 3985454.0: gcodein=0  mcu: mcu_awake=0.001 mcu_task_avg=0.000014 mcu_task_stddev=0.000008 bytes_write=16031988 bytes_read=16423128 bytes_retransmit=9 bytes_invalid=0 send_seq=499954 receive_seq=499954 retransmit_seq=2 srtt=0.002 rttvar=0.000 rto=0.025 ready_bytes=0 upcoming_bytes=0 freq=71999159 heater_bed: target=60 temp=60.0 pwm=0.165  sysload=1.42 cputime=1726.413 memavail=6418172 print_time=23235.914 buffer_time=0.000 print_stall=0 extruder: target=0 temp=23.3 pwm=0.000
Stats 3985455.0: gcodein=0  mcu: mcu_awake=0.001 mcu_task_avg=0.000014 mcu_task_stddev=0.000008 bytes_write=16031994 bytes_read=16423248 bytes_retransmit=9 bytes_invalid=0 send_seq=499955 receive_seq=499955 retransmit_seq=2 srtt=0.003 rttvar=0.000 rto=0.025 ready_bytes=0 upcoming_bytes=0 freq=71999157 heater_bed: target=60 temp=60.0 pwm=0.165  sysload=1.42 cputime=1726.418 memavail=6399608 print_time=23235.914 buffer_time=0.000 print_stall=0 extruder: target=0 temp=23.3 pwm=0.000
Stats 3985456.0: gcodein=0  mcu: mcu_awake=0.001 mcu_task_avg=0.000014 mcu_task_stddev=0.000008 bytes_write=16032031 bytes_read=16423364 bytes_retransmit=9 bytes_invalid=0 send_seq=499958 receive_seq=499958 retransmit_seq=2 srtt=0.003 rttvar=0.000 rto=0.025 ready_bytes=0 upcoming_bytes=0 freq=71999155 heater_bed: target=60 temp=60.0 pwm=0.189  sysload=1.42 cputime=1726.422 memavail=6379184 print_time=23235.914 buffer_time=0.000 print_stall=0 extruder: target=0 temp=23.3 pwm=0.000
Stats 3985457.0: gcodein=0  mcu: mcu_awake=0.001 mcu_task_avg=0.000014 mcu_task_stddev=0.000008 bytes_write=16032052 bytes_read=16423505 bytes_retransmit=9 bytes_invalid=0 send_seq=499960 receive_seq=499960 retransmit_seq=2 srtt=0.003 rttvar=0.000 rto=0.025 ready_bytes=0 upcoming_bytes=0 freq=71999155 heater_bed: target=60 temp=60.0 pwm=0.129  sysload=1.55 cputime=1726.427 memavail=6512092 print_time=23235.914 buffer_time=0.000 print_stall=0 extruder: target=0 temp=23.3 pwm=0.000
Stats 3985458.0: gcodein=0  mcu: mcu_awake=0.001 mcu_task_avg=0.000014 mcu_task_stddev=0.000008 bytes_write=16032073 bytes_read=16423616 bytes_retransmit=9 bytes_invalid=0 send_seq=499962 receive_seq=499962 retransmit_seq=2 srtt=0.003 rttvar=0.000 rto=0.025 ready_bytes=0 upcoming_bytes=0 freq=71999153 heater_bed: target=60 temp=60.0 pwm=0.198  sysload=1.55 cputime=1726.432 memavail=6524192 print_time=23235.914 buffer_time=0.000 print_stall=0 extruder: target=0 temp=23.3 pwm=0.000
Stats 3985459.0: gcodein=0  mcu: mcu_awake=0.001 mcu_task_avg=0.000014 mcu_task_stddev=0.000008 bytes_write=16032095 bytes_read=16423727 bytes_retransmit=9 bytes_invalid=0 send_seq=499964 receive_seq=499964 retransmit_seq=2 srtt=0.003 rttvar=0.000 rto=0.025 ready_bytes=0 upcoming_bytes=0 freq=71999152 heater_bed: target=60 temp=60.0 pwm=0.279  sysload=1.55 cputime=1726.436 memavail=6506140 print_time=23235.914 buffer_time=0.000 print_stall=0 extruder: target=0 temp=23.3 pwm=0.000
Stats 3985460.0: gcodein=0  mcu: mcu_awake=0.001 mcu_task_avg=0.000014 mcu_task_stddev=0.000008 bytes_write=16032146 bytes_read=16423892 bytes_retransmit=9 bytes_invalid=0 send_seq=499968 receive_seq=499968 retransmit_seq=2 srtt=0.003 rttvar=0.000 rto=0.025 ready_bytes=0 upcoming_bytes=0 freq=71999150 heater_bed: target=60 temp=60.0 pwm=0.132  sysload=1.55 cputime=1726.440 memavail=6487788 print_time=23235.914 buffer_time=0.000 print_stall=0 extruder: target=0 temp=23.3 pwm=0.000
Stats 3985461.0: gcodein=0  mcu: mcu_awake=0.001 mcu_task_avg=0.000014 mcu_task_stddev=0.000008 bytes_write=16032184 bytes_read=16424008 bytes_retransmit=9 bytes_invalid=0 send_seq=499971 receive_seq=499971 retransmit_seq=2 srtt=0.003 rttvar=0.000 rto=0.025 ready_bytes=0 upcoming_bytes=0 freq=71999148 heater_bed: target=60 temp=60.0 pwm=0.220  sysload=1.55 cputime=1726.445 memavail=6468752 print_time=23235.914 buffer_time=0.000 print_stall=0 extruder: target=0 temp=23.3 pwm=0.000
Stats 3985462.0: gcodein=0  mcu: mcu_awake=0.001 mcu_task_avg=0.000014 mcu_task_stddev=0.000008 bytes_write=16032236 bytes_read=16424129 bytes_retransmit=9 bytes_invalid=0 send_seq=499975 receive_seq=499975 retransmit_seq=2 srtt=0.003 rttvar=0.000 rto=0.025 ready_bytes=0 upcoming_bytes=0 freq=71999147 heater_bed: target=60 temp=60.0 pwm=0.123  sysload=1.58 cputime=1726.450 memavail=6420856 print_time=23235.914 buffer_time=0.000 print_stall=0 extruder: target=0 temp=23.3 pwm=0.000
Stats 3985463.0: gcodein=0  mcu: mcu_awake=0.001 mcu_task_avg=0.000014 mcu_task_stddev=0.000008 bytes_write=16032257 bytes_read=16424270 bytes_retransmit=9 bytes_invalid=0 send_seq=499977 receive_seq=499977 retransmit_seq=2 srtt=0.003 rttvar=0.000 rto=0.025 ready_bytes=0 upcoming_bytes=0 freq=71999145 heater_bed: target=60 temp=60.0 pwm=0.216  sysload=1.58 cputime=1726.454 memavail=6433828 print_time=23235.914 buffer_time=0.000 print_stall=0 extruder: target=0 temp=23.3 pwm=0.000
Stats 3985464.0: gcodein=0  mcu: mcu_awake=0.001 mcu_task_avg=0.000014 mcu_task_stddev=0.000008 bytes_write=16032278 bytes_read=16424381 bytes_retransmit=9 bytes_invalid=0 send_seq=499979 receive_seq=499979 retransmit_seq=2 srtt=0.003 rttvar=0.000 rto=0.025 ready_bytes=0 upcoming_bytes=0 freq=71999144 heater_bed: target=60 temp=60.0 pwm=0.162  sysload=1.58 cputime=1726.458 memavail=6308516 print_time=23235.914 buffer_time=0.000 print_stall=0 extruder: target=0 temp=23.3 pwm=0.000
Stats 3985465.0: gcodein=0  mcu: mcu_awake=0.001 mcu_task_avg=0.000014 mcu_task_stddev=0.000008 bytes_write=16032295 bytes_read=16424501 bytes_retransmit=9 bytes_invalid=0 send_seq=499980 receive_seq=499980 retransmit_seq=2 srtt=0.003 rttvar=0.000 rto=0.025 ready_bytes=0 upcoming_bytes=0 freq=71999144 heater_bed: target=60 temp=60.0 pwm=0.251  sysload=1.58 cputime=1726.463 memavail=6262932 print_time=23235.914 buffer_time=0.000 print_stall=0 extruder: target=0 temp=23.3 pwm=0.000
Stats 3985466.0: gcodein=0  mcu: mcu_awake=0.001 mcu_task_avg=0.000014 mcu_task_stddev=0.000008 bytes_write=16032346 bytes_read=16424652 bytes_retransmit=9 bytes_invalid=0 send_seq=499984 receive_seq=499984 retransmit_seq=2 srtt=0.003 rttvar=0.000 rto=0.025 ready_bytes=0 upcoming_bytes=0 freq=71999143 heater_bed: target=60 temp=60.0 pwm=0.020  sysload=1.58 cputime=1726.469 memavail=6380848 print_time=23235.914 buffer_time=0.000 print_stall=0 extruder: target=0 temp=23.3 pwm=0.000
Stats 3985467.0: gcodein=0  mcu: mcu_awake=0.001 mcu_task_avg=0.000014 mcu_task_stddev=0.000008 bytes_write=16032398 bytes_read=16424773 bytes_retransmit=9 bytes_invalid=0 send_seq=499988 receive_seq=499988 retransmit_seq=2 srtt=0.003 rttvar=0.000 rto=0.025 ready_bytes=0 upcoming_bytes=0 freq=71999142 heater_bed: target=60 temp=60.0 pwm=0.318  sysload=1.54 cputime=1726.474 memavail=6514348 print_time=23235.914 buffer_time=0.000 print_stall=0 extruder: target=0 temp=23.3 pwm=0.000
Stats 3985468.0: gcodein=0  mcu: mcu_awake=0.001 mcu_task_avg=0.000014 mcu_task_stddev=0.000008 bytes_write=16032435 bytes_read=16424888 bytes_retransmit=9 bytes_invalid=0 send_seq=499991 receive_seq=499991 retransmit_seq=2 srtt=0.003 rttvar=0.000 rto=0.025 ready_bytes=0 upcoming_bytes=0 freq=71999141 heater_bed: target=60 temp=60.0 pwm=0.124  sysload=1.54 cputime=1726.478 memavail=6498432 print_time=23235.914 buffer_time=0.000 print_stall=0 extruder: target=0 temp=23.3 pwm=0.000
Stats 3985469.0: gcodein=0  mcu: mcu_awake=0.001 mcu_task_avg=0.000014 mcu_task_stddev=0.000008 bytes_write=16032451 bytes_read=16425015 bytes_retransmit=9 bytes_invalid=0 send_seq=499992 receive_seq=499992 retransmit_seq=2 srtt=0.003 rttvar=0.000 rto=0.025 ready_bytes=0 upcoming_bytes=0 freq=71999141 heater_bed: target=60 temp=60.0 pwm=0.211  sysload=1.54 cputime=1726.482 memavail=6481448 print_time=23235.914 buffer_time=0.000 print_stall=0 extruder: target=0 temp=23.3 pwm=0.000
Stats 3985470.0: gcodein=0  mcu: mcu_awake=0.001 mcu_task_avg=0.000014 mcu_task_stddev=0.000008 bytes_write=16032457 bytes_read=16425127 bytes_retransmit=9 bytes_invalid=0 send_seq=499993 receive_seq=499993 retransmit_seq=2 srtt=0.003 rttvar=0.000 rto=0.025 ready_bytes=0 upcoming_bytes=0 freq=71999139 heater_bed: target=60 temp=60.0 pwm=0.211  sysload=1.54 cputime=1726.487 memavail=6462240 print_time=23235.914 buffer_time=0.000 print_stall=0 extruder: target=0 temp=23.3 pwm=0.000
Stats 3985471.0: gcodein=0  mcu: mcu_awake=0.001 mcu_task_avg=0.000014 mcu_task_stddev=0.000008 bytes_write=16032478 bytes_read=16425231 bytes_retransmit=9 bytes_invalid=0 send_seq=499995 receive_seq=499995 retransmit_seq=2 srtt=0.003 rttvar=0.000 rto=0.025 ready_bytes=0 upcoming_bytes=0 freq=71999140 heater_bed: target=60 temp=60.0 pwm=0.151  sysload=1.54 cputime=1726.491 memavail=6455256 print_time=23235.914 buffer_time=0.000 print_stall=0 extruder: target=0 temp=23.3 pwm=0.000
Stats 3985472.0: gcodein=0  mcu: mcu_awake=0.001 mcu_task_avg=0.000014 mcu_task_stddev=0.000008 bytes_write=16032510 bytes_read=16425367 bytes_retransmit=9 bytes_invalid=0 send_seq=499997 receive_seq=499997 retransmit_seq=2 srtt=0.003 rttvar=0.000 rto=0.025 ready_bytes=0 upcoming_bytes=0 freq=71999140 heater_bed: target=60 temp=60.0 pwm=0.167  sysload=1.49 cputime=1726.495 memavail=6431784 print_time=23235.914 buffer_time=0.000 print_stall=0 extruder: target=0 temp=23.3 pwm=0.000
Stats 3985473.0: gcodein=0  mcu: mcu_awake=0.001 mcu_task_avg=0.000014 mcu_task_stddev=0.000008 bytes_write=16032547 bytes_read=16425483 bytes_retransmit=9 bytes_invalid=0 send_seq=500000 receive_seq=500000 retransmit_seq=2 srtt=0.003 rttvar=0.000 rto=0.025 ready_bytes=0 upcoming_bytes=0 freq=71999139 heater_bed: target=60 temp=60.0 pwm=0.148  sysload=1.49 cputime=1726.499 memavail=6422164 print_time=23235.914 buffer_time=0.000 print_stall=0 extruder: target=0 temp=23.3 pwm=0.000
Stats 3985474.0: gcodein=0  mcu: mcu_awake=0.001 mcu_task_avg=0.000014 mcu_task_stddev=0.000008 bytes_write=16032553 bytes_read=16425589 bytes_retransmit=9 bytes_invalid=0 send_seq=500001 receive_seq=500001 retransmit_seq=2 srtt=0.003 rttvar=0.000 rto=0.025 ready_bytes=0 upcoming_bytes=0 freq=71999138 heater_bed: target=60 temp=60.0 pwm=0.148  sysload=1.49 cputime=1726.503 memavail=6403124 print_time=23235.914 buffer_time=0.000 print_stall=0 extruder: target=0 temp=23.3 pwm=0.000
Stats 3985475.0: gcodein=0  mcu: mcu_awake=0.001 mcu_task_avg=0.000014 mcu_task_stddev=0.000009 bytes_write=16032606 bytes_read=16425754 bytes_retransmit=9 bytes_invalid=0 send_seq=500005 receive_seq=500005 retransmit_seq=2 srtt=0.003 rttvar=0.000 rto=0.025 ready_bytes=0 upcoming_bytes=0 freq=71999137 heater_bed: target=60 temp=60.0 pwm=0.285  sysload=1.49 cputime=1726.507 memavail=6386632 print_time=23235.914 buffer_time=0.000 print_stall=0 extruder: target=0 temp=23.3 pwm=0.000
Stats 3985476.0: gcodein=0  mcu: mcu_awake=0.001 mcu_task_avg=0.000014 mcu_task_stddev=0.000009 bytes_write=16032627 bytes_read=16425865 bytes_retransmit=9 bytes_invalid=0 send_seq=500007 receive_seq=500007 retransmit_seq=2 srtt=0.003 rttvar=0.000 rto=0.025 ready_bytes=0 upcoming_bytes=0 freq=71999137 heater_bed: target=60 temp=60.0 pwm=0.148  sysload=1.49 cputime=1726.512 memavail=6348000 print_time=23235.914 buffer_time=0.000 print_stall=0 extruder: target=0 temp=23.3 pwm=0.000
Stats 3985477.0: gcodein=0  mcu: mcu_awake=0.001 mcu_task_avg=0.000014 mcu_task_stddev=0.000009 bytes_write=16032648 bytes_read=16425976 bytes_retransmit=9 bytes_invalid=0 send_seq=500009 receive_seq=500009 retransmit_seq=2 srtt=0.003 rttvar=0.000 rto=0.025 ready_bytes=0 upcoming_bytes=0 freq=71999136 heater_bed: target=60 temp=60.0 pwm=0.206  sysload=1.54 cputime=1726.516 memavail=6528852 print_time=23235.914 buffer_time=0.000 print_stall=0 extruder: target=0 temp=23.3 pwm=0.000
Stats 3985478.0: gcodein=0  mcu: mcu_awake=0.001 mcu_task_avg=0.000014 mcu_task_stddev=0.000009 bytes_write=16032669 bytes_read=16426117 bytes_retransmit=9 bytes_invalid=0 send_seq=500011 receive_seq=500011 retransmit_seq=2 srtt=0.003 rttvar=0.000 rto=0.025 ready_bytes=0 upcoming_bytes=0 freq=71999135 heater_bed: target=60 temp=60.0 pwm=0.110  sysload=1.54 cputime=1726.520 memavail=6572532 print_time=23235.914 buffer_time=0.000 print_stall=0 extruder: target=0 temp=23.3 pwm=0.000
Stats 3985479.0: gcodein=0  mcu: mcu_awake=0.001 mcu_task_avg=0.000014 mcu_task_stddev=0.000009 bytes_write=16032705 bytes_read=16426233 bytes_retransmit=9 bytes_invalid=0 send_seq=500014 receive_seq=500014 retransmit_seq=2 srtt=0.003 rttvar=0.000 rto=0.025 ready_bytes=0 upcoming_bytes=0 freq=71999134 heater_bed: target=60 temp=60.0 pwm=0.165  sysload=1.54 cputime=1726.524 memavail=6561840 print_time=23235.914 buffer_time=0.000 print_stall=0 extruder: target=0 temp=23.3 pwm=0.000
Stats 3985480.0: gcodein=0  mcu: mcu_awake=0.001 mcu_task_avg=0.000014 mcu_task_stddev=0.000009 bytes_write=16032711 bytes_read=16426339 bytes_retransmit=9 bytes_invalid=0 send_seq=500015 receive_seq=500015 retransmit_seq=2 srtt=0.003 rttvar=0.000 rto=0.025 ready_bytes=0 upcoming_bytes=0 freq=71999133 heater_bed: target=60 temp=60.0 pwm=0.165  sysload=1.54 cputime=1726.528 memavail=6545584 print_time=23235.914 buffer_time=0.000 print_stall=0 extruder: target=0 temp=23.3 pwm=0.000
Stats 3985481.0: gcodein=0  mcu: mcu_awake=0.001 mcu_task_avg=0.000014 mcu_task_stddev=0.000008 bytes_write=16032748 bytes_read=16426499 bytes_retransmit=9 bytes_invalid=0 send_seq=500018 receive_seq=500018 retransmit_seq=2 srtt=0.003 rttvar=0.000 rto=0.025 ready_bytes=0 upcoming_bytes=0 freq=71999133 heater_bed: target=60 temp=60.0 pwm=0.152  sysload=1.54 cputime=1726.533 memavail=6514456 print_time=23235.914 buffer_time=0.000 print_stall=0 extruder: target=0 temp=23.3 pwm=0.000
Stats 3985482.0: gcodein=0  mcu: mcu_awake=0.001 mcu_task_avg=0.000014 mcu_task_stddev=0.000008 bytes_write=16032754 bytes_read=16426605 bytes_retransmit=9 bytes_invalid=0 send_seq=500019 receive_seq=500019 retransmit_seq=2 srtt=0.003 rttvar=0.000 rto=0.025 ready_bytes=0 upcoming_bytes=0 freq=71999133 heater_bed: target=60 temp=60.0 pwm=0.152  sysload=1.41 cputime=1726.537 memavail=6509720 print_time=23235.914 buffer_time=0.000 print_stall=0 extruder: target=0 temp=23.3 pwm=0.000
Stats 3985483.0: gcodein=0  mcu: mcu_awake=0.001 mcu_task_avg=0.000014 mcu_task_stddev=0.000008 bytes_write=16032791 bytes_read=16426721 bytes_retransmit=9 bytes_invalid=0 send_seq=500022 receive_seq=500022 retransmit_seq=2 srtt=0.003 rttvar=0.000 rto=0.025 ready_bytes=0 upcoming_bytes=0 freq=71999133 heater_bed: target=60 temp=60.0 pwm=0.187  sysload=1.41 cputime=1726.542 memavail=6494740 print_time=23235.914 buffer_time=0.000 print_stall=0 extruder: target=0 temp=23.3 pwm=0.000
Stats 3985484.0: gcodein=0  mcu: mcu_awake=0.001 mcu_task_avg=0.000014 mcu_task_stddev=0.000008 bytes_write=16032843 bytes_read=16426872 bytes_retransmit=9 bytes_invalid=0 send_seq=500026 receive_seq=500026 retransmit_seq=2 srtt=0.002 rttvar=0.000 rto=0.025 ready_bytes=0 upcoming_bytes=0 freq=71999133 heater_bed: target=60 temp=60.0 pwm=0.155  sysload=1.41 cputime=1726.546 memavail=6475680 print_time=23235.914 buffer_time=0.000 print_stall=0 extruder: target=0 temp=23.3 pwm=0.000
Stats 3985485.0: gcodein=0  mcu: mcu_awake=0.001 mcu_task_avg=0.000014 mcu_task_stddev=0.000008 bytes_write=16032849 bytes_read=16426978 bytes_retransmit=9 bytes_invalid=0 send_seq=500027 receive_seq=500027 retransmit_seq=2 srtt=0.003 rttvar=0.000 rto=0.025 ready_bytes=0 upcoming_bytes=0 freq=71999132 heater_bed: target=60 temp=60.0 pwm=0.155  sysload=1.41 cputime=1726.550 memavail=6455020 print_time=23235.914 buffer_time=0.000 print_stall=0 extruder: target=0 temp=23.3 pwm=0.000
Stats 3985486.0: gcodein=0  mcu: mcu_awake=0.001 mcu_task_avg=0.000014 mcu_task_stddev=0.000009 bytes_write=16032887 bytes_read=16427108 bytes_retransmit=9 bytes_invalid=0 send_seq=500030 receive_seq=500030 retransmit_seq=2 srtt=0.003 rttvar=0.000 rto=0.025 ready_bytes=0 upcoming_bytes=0 freq=71999133 heater_bed: target=60 temp=60.0 pwm=0.226  sysload=1.41 cputime=1726.555 memavail=6437416 print_time=23235.914 buffer_time=0.000 print_stall=0 extruder: target=0 temp=23.3 pwm=0.000
Stats 3985487.0: gcodein=0  mcu: mcu_awake=0.001 mcu_task_avg=0.000014 mcu_task_stddev=0.000009 bytes_write=16032939 bytes_read=16427259 bytes_retransmit=9 bytes_invalid=0 send_seq=500034 receive_seq=500034 retransmit_seq=2 srtt=0.002 rttvar=0.000 rto=0.025 ready_bytes=0 upcoming_bytes=0 freq=71999132 heater_bed: target=60 temp=60.0 pwm=0.239  sysload=1.30 cputime=1726.560 memavail=6559828 print_time=23235.914 buffer_time=0.000 print_stall=0 extruder: target=0 temp=23.3 pwm=0.000
Stats 3985488.0: gcodein=0  mcu: mcu_awake=0.001 mcu_task_avg=0.000014 mcu_task_stddev=0.000009 bytes_write=16032975 bytes_read=16427375 bytes_retransmit=9 bytes_invalid=0 send_seq=500037 receive_seq=500037 retransmit_seq=2 srtt=0.003 rttvar=0.000 rto=0.025 ready_bytes=0 upcoming_bytes=0 freq=71999132 heater_bed: target=60 temp=60.0 pwm=0.155  sysload=1.30 cputime=1726.565 memavail=6551648 print_time=23235.914 buffer_time=0.000 print_stall=0 extruder: target=0 temp=23.3 pwm=0.000
Stats 3985489.0: gcodein=0  mcu: mcu_awake=0.001 mcu_task_avg=0.000014 mcu_task_stddev=0.000009 bytes_write=16032997 bytes_read=16427486 bytes_retransmit=9 bytes_invalid=0 send_seq=500039 receive_seq=500039 retransmit_seq=2 srtt=0.003 rttvar=0.000 rto=0.025 ready_bytes=0 upcoming_bytes=0 freq=71999132 heater_bed: target=60 temp=60.0 pwm=0.255  sysload=1.30 cputime=1726.569 memavail=6544872 print_time=23235.914 buffer_time=0.000 print_stall=0 extruder: target=0 temp=23.3 pwm=0.000
Stats 3985490.0: gcodein=0  mcu: mcu_awake=0.001 mcu_task_avg=0.000014 mcu_task_stddev=0.000009 bytes_write=16033043 bytes_read=16427632 bytes_retransmit=9 bytes_invalid=0 send_seq=500042 receive_seq=500042 retransmit_seq=2 srtt=0.003 rttvar=0.000 rto=0.025 ready_bytes=0 upcoming_bytes=0 freq=71999132 heater_bed: target=60 temp=60.0 pwm=0.152  sysload=1.30 cputime=1726.574 memavail=6536304 print_time=23235.914 buffer_time=0.000 print_stall=0 extruder: target=0 temp=23.3 pwm=0.000
Stats 3985491.0: gcodein=0  mcu: mcu_awake=0.001 mcu_task_avg=0.000014 mcu_task_stddev=0.000009 bytes_write=16033081 bytes_read=16427762 bytes_retransmit=9 bytes_invalid=0 send_seq=500045 receive_seq=500045 retransmit_seq=2 srtt=0.003 rttvar=0.000 rto=0.025 ready_bytes=0 upcoming_bytes=0 freq=71999133 heater_bed: target=60 temp=60.0 pwm=0.247  sysload=1.30 cputime=1726.578 memavail=6506428 print_time=23235.914 buffer_time=0.000 print_stall=0 extruder: target=0 temp=23.3 pwm=0.000
Stats 3985492.0: gcodein=0  mcu: mcu_awake=0.001 mcu_task_avg=0.000014 mcu_task_stddev=0.000009 bytes_write=16033117 bytes_read=16427893 bytes_retransmit=9 bytes_invalid=0 send_seq=500048 receive_seq=500048 retransmit_seq=2 srtt=0.002 rttvar=0.000 rto=0.025 ready_bytes=0 upcoming_bytes=0 freq=71999132 heater_bed: target=60 temp=60.0 pwm=0.112  sysload=1.27 cputime=1726.583 memavail=6498124 print_time=23235.914 buffer_time=0.000 print_stall=0 extruder: target=0 temp=23.3 pwm=0.000
Stats 3985493.0: gcodein=0  mcu: mcu_awake=0.001 mcu_task_avg=0.000014 mcu_task_stddev=0.000009 bytes_write=16033138 bytes_read=16428019 bytes_retransmit=9 bytes_invalid=0 send_seq=500050 receive_seq=500050 retransmit_seq=2 srtt=0.003 rttvar=0.000 rto=0.025 ready_bytes=0 upcoming_bytes=0 freq=71999132 heater_bed: target=60 temp=60.0 pwm=0.204  sysload=1.27 cputime=1726.587 memavail=6483008 print_time=23235.914 buffer_time=0.000 print_stall=0 extruder: target=0 temp=23.3 pwm=0.000
Stats 3985494.0: gcodein=0  mcu: mcu_awake=0.001 mcu_task_avg=0.000014 mcu_task_stddev=0.000009 bytes_write=16033144 bytes_read=16428125 bytes_retransmit=9 bytes_invalid=0 send_seq=500051 receive_seq=500051 retransmit_seq=2 srtt=0.003 rttvar=0.000 rto=0.025 ready_bytes=0 upcoming_bytes=0 freq=71999132 heater_bed: target=60 temp=60.0 pwm=0.204  sysload=1.27 cputime=1726.591 memavail=6466752 print_time=23235.914 buffer_time=0.000 print_stall=0 extruder: target=0 temp=23.3 pwm=0.000
Stats 3985495.0: gcodein=0  mcu: mcu_awake=0.001 mcu_task_avg=0.000014 mcu_task_stddev=0.000009 bytes_write=16033150 bytes_read=16428246 bytes_retransmit=9 bytes_invalid=0 send_seq=500052 receive_seq=500052 retransmit_seq=2 srtt=0.003 rttvar=0.000 rto=0.025 ready_bytes=0 upcoming_bytes=0 freq=71999132 heater_bed: target=60 temp=60.0 pwm=0.204  sysload=1.27 cputime=1726.595 memavail=6437008 print_time=23235.914 buffer_time=0.000 print_stall=0 extruder: target=0 temp=23.3 pwm=0.000
Stats 3985496.0: gcodein=0  mcu: mcu_awake=0.001 mcu_task_avg=0.000014 mcu_task_stddev=0.000009 bytes_write=16033171 bytes_read=16428386 bytes_retransmit=9 bytes_invalid=0 send_seq=500054 receive_seq=500054 retransmit_seq=2 srtt=0.003 rttvar=0.000 rto=0.025 ready_bytes=0 upcoming_bytes=0 freq=71999132 heater_bed: target=60 temp=60.0 pwm=0.134  sysload=1.27 cputime=1726.599 memavail=6425964 print_time=23235.914 buffer_time=0.000 print_stall=0 extruder: target=0 temp=23.3 pwm=0.000
Stats 3985497.0: gcodein=0  mcu: mcu_awake=0.001 mcu_task_avg=0.000014 mcu_task_stddev=0.000009 bytes_write=16033208 bytes_read=16428502 bytes_retransmit=9 bytes_invalid=0 send_seq=500057 receive_seq=500057 retransmit_seq=2 srtt=0.003 rttvar=0.000 rto=0.025 ready_bytes=0 upcoming_bytes=0 freq=71999132 heater_bed: target=60 temp=60.0 pwm=0.170  sysload=1.17 cputime=1726.603 memavail=6420060 print_time=23235.914 buffer_time=0.000 print_stall=0 extruder: target=0 temp=23.3 pwm=0.000
Stats 3985498.0: gcodein=0  mcu: mcu_awake=0.001 mcu_task_avg=0.000014 mcu_task_stddev=0.000009 bytes_write=16033260 bytes_read=16428638 bytes_retransmit=9 bytes_invalid=0 send_seq=500061 receive_seq=500061 retransmit_seq=2 srtt=0.003 rttvar=0.000 rto=0.025 ready_bytes=0 upcoming_bytes=0 freq=71999131 heater_bed: target=60 temp=60.0 pwm=0.188  sysload=1.17 cputime=1726.608 memavail=6561624 print_time=23235.914 buffer_time=0.000 print_stall=0 extruder: target=0 temp=23.3 pwm=0.000
Stats 3985499.0: gcodein=0  mcu: mcu_awake=0.001 mcu_task_avg=0.000014 mcu_task_stddev=0.000009 bytes_write=16033266 bytes_read=16428759 bytes_retransmit=9 bytes_invalid=0 send_seq=500062 receive_seq=500062 retransmit_seq=2 srtt=0.003 rttvar=0.000 rto=0.025 ready_bytes=0 upcoming_bytes=0 freq=71999131 heater_bed: target=60 temp=60.0 pwm=0.188  sysload=1.17 cputime=1726.613 memavail=6544284 print_time=23235.914 buffer_time=0.000 print_stall=0 extruder: target=0 temp=23.3 pwm=0.000
Stats 3985500.0: gcodein=0  mcu: mcu_awake=0.001 mcu_task_avg=0.000014 mcu_task_stddev=0.000009 bytes_write=16033302 bytes_read=16428875 bytes_retransmit=9 bytes_invalid=0 send_seq=500065 receive_seq=500065 retransmit_seq=2 srtt=0.003 rttvar=0.000 rto=0.025 ready_bytes=0 upcoming_bytes=0 freq=71999132 heater_bed: target=60 temp=60.0 pwm=0.185  sysload=1.17 cputime=1726.617 memavail=6521952 print_time=23235.914 buffer_time=0.000 print_stall=0 extruder: target=0 temp=23.3 pwm=0.000
Stats 3985501.0: gcodein=0  mcu: mcu_awake=0.001 mcu_task_avg=0.000014 mcu_task_stddev=0.000008 bytes_write=16033324 bytes_read=16429015 bytes_retransmit=9 bytes_invalid=0 send_seq=500067 receive_seq=500067 retransmit_seq=2 srtt=0.003 rttvar=0.000 rto=0.025 ready_bytes=0 upcoming_bytes=0 freq=71999132 heater_bed: target=60 temp=60.0 pwm=0.254  sysload=1.17 cputime=1726.621 memavail=6508936 print_time=23235.914 buffer_time=0.000 print_stall=0 extruder: target=0 temp=23.3 pwm=0.000
Stats 3985502.0: gcodein=0  mcu: mcu_awake=0.001 mcu_task_avg=0.000014 mcu_task_stddev=0.000008 bytes_write=16033345 bytes_read=16429141 bytes_retransmit=9 bytes_invalid=0 send_seq=500069 receive_seq=500069 retransmit_seq=2 srtt=0.003 rttvar=0.000 rto=0.025 ready_bytes=0 upcoming_bytes=0 freq=71999132 heater_bed: target=60 temp=60.0 pwm=0.101  sysload=1.40 cputime=1726.625 memavail=6491124 print_time=23235.914 buffer_time=0.000 print_stall=0 extruder: target=0 temp=23.3 pwm=0.000
Stats 3985503.0: gcodein=0  mcu: mcu_awake=0.001 mcu_task_avg=0.000014 mcu_task_stddev=0.000008 bytes_write=16033382 bytes_read=16429257 bytes_retransmit=9 bytes_invalid=0 send_seq=500072 receive_seq=500072 retransmit_seq=2 srtt=0.003 rttvar=0.000 rto=0.025 ready_bytes=0 upcoming_bytes=0 freq=71999132 heater_bed: target=60 temp=60.0 pwm=0.269  sysload=1.40 cputime=1726.629 memavail=6475532 print_time=23235.914 buffer_time=0.000 print_stall=0 extruder: target=0 temp=23.3 pwm=0.000
Stats 3985504.0: gcodein=0  mcu: mcu_awake=0.001 mcu_task_avg=0.000014 mcu_task_stddev=0.000008 bytes_write=16033398 bytes_read=16429378 bytes_retransmit=9 bytes_invalid=0 send_seq=500073 receive_seq=500073 retransmit_seq=2 srtt=0.003 rttvar=0.000 rto=0.025 ready_bytes=0 upcoming_bytes=0 freq=71999133 heater_bed: target=60 temp=60.0 pwm=0.180  sysload=1.40 cputime=1726.634 memavail=6437564 print_time=23235.914 buffer_time=0.000 print_stall=0 extruder: target=0 temp=23.3 pwm=0.000
Stats 3985505.0: gcodein=0  mcu: mcu_awake=0.001 mcu_task_avg=0.000014 mcu_task_stddev=0.000008 bytes_write=16033450 bytes_read=16429514 bytes_retransmit=9 bytes_invalid=0 send_seq=500077 receive_seq=500077 retransmit_seq=2 srtt=0.003 rttvar=0.000 rto=0.025 ready_bytes=0 upcoming_bytes=0 freq=71999133 heater_bed: target=60 temp=60.0 pwm=0.201  sysload=1.40 cputime=1726.638 memavail=6437192 print_time=23235.914 buffer_time=0.000 print_stall=0 extruder: target=0 temp=23.3 pwm=0.000
Stats 3985506.0: gcodein=0  mcu: mcu_awake=0.001 mcu_task_avg=0.000014 mcu_task_stddev=0.000008 bytes_write=16033456 bytes_read=16429634 bytes_retransmit=9 bytes_invalid=0 send_seq=500078 receive_seq=500078 retransmit_seq=2 srtt=0.003 rttvar=0.000 rto=0.025 ready_bytes=0 upcoming_bytes=0 freq=71999133 heater_bed: target=60 temp=60.0 pwm=0.201  sysload=1.40 cputime=1726.642 memavail=6419956 print_time=23235.914 buffer_time=0.000 print_stall=0 extruder: target=0 temp=23.3 pwm=0.000
Stats 3985507.0: gcodein=0  mcu: mcu_awake=0.001 mcu_task_avg=0.000014 mcu_task_stddev=0.000008 bytes_write=16033477 bytes_read=16429760 bytes_retransmit=9 bytes_invalid=0 send_seq=500080 receive_seq=500080 retransmit_seq=2 srtt=0.003 rttvar=0.000 rto=0.025 ready_bytes=10 upcoming_bytes=0 freq=71999132 heater_bed: target=60 temp=60.0 pwm=0.191  sysload=1.37 cputime=1726.647 memavail=6402220 print_time=23235.914 buffer_time=0.000 print_stall=0 extruder: target=0 temp=23.3 pwm=0.000
Stats 3985508.0: gcodein=0  mcu: mcu_awake=0.001 mcu_task_avg=0.000014 mcu_task_stddev=0.000008 bytes_write=16033493 bytes_read=16429881 bytes_retransmit=9 bytes_invalid=0 send_seq=500081 receive_seq=500081 retransmit_seq=2 srtt=0.003 rttvar=0.000 rto=0.025 ready_bytes=0 upcoming_bytes=0 freq=71999133 heater_bed: target=60 temp=60.0 pwm=0.191  sysload=1.37 cputime=1726.651 memavail=6544552 print_time=23235.914 buffer_time=0.000 print_stall=0 extruder: target=0 temp=23.3 pwm=0.000
Stats 3985509.0: gcodein=0  mcu: mcu_awake=0.001 mcu_task_avg=0.000014 mcu_task_stddev=0.000008 bytes_write=16033514 bytes_read=16429992 bytes_retransmit=9 bytes_invalid=0 send_seq=500083 receive_seq=500083 retransmit_seq=2 srtt=0.003 rttvar=0.000 rto=0.025 ready_bytes=0 upcoming_bytes=0 freq=71999134 heater_bed: target=60 temp=60.0 pwm=0.122  sysload=1.37 cputime=1726.655 memavail=6521452 print_time=23235.914 buffer_time=0.000 print_stall=0 extruder: target=0 temp=23.3 pwm=0.000
Stats 3985510.0: gcodein=0  mcu: mcu_awake=0.001 mcu_task_avg=0.000014 mcu_task_stddev=0.000008 bytes_write=16033542 bytes_read=16430134 bytes_retransmit=9 bytes_invalid=0 send_seq=500086 receive_seq=500086 retransmit_seq=2 srtt=0.003 rttvar=0.000 rto=0.025 ready_bytes=10 upcoming_bytes=0 freq=71999133 heater_bed: target=60 temp=60.0 pwm=0.165  sysload=1.37 cputime=1726.659 memavail=6508880 print_time=23235.914 buffer_time=0.000 print_stall=0 extruder: target=0 temp=23.3 pwm=0.000
Stats 3985511.0: gcodein=0  mcu: mcu_awake=0.001 mcu_task_avg=0.000014 mcu_task_stddev=0.000008 bytes_write=16033579 bytes_read=16430278 bytes_retransmit=9 bytes_invalid=0 send_seq=500089 receive_seq=500089 retransmit_seq=2 srtt=0.003 rttvar=0.000 rto=0.025 ready_bytes=0 upcoming_bytes=0 freq=71999133 heater_bed: target=60 temp=60.0 pwm=0.239  sysload=1.37 cputime=1726.664 memavail=6496536 print_time=23235.914 buffer_time=0.000 print_stall=0 extruder: target=0 temp=23.3 pwm=0.000
Stats 3985512.0: gcodein=0  mcu: mcu_awake=0.001 mcu_task_avg=0.000014 mcu_task_stddev=0.000008 bytes_write=16033600 bytes_read=16430389 bytes_retransmit=9 bytes_invalid=0 send_seq=500091 receive_seq=500091 retransmit_seq=2 srtt=0.003 rttvar=0.000 rto=0.025 ready_bytes=0 upcoming_bytes=0 freq=71999134 heater_bed: target=60 temp=60.0 pwm=0.119  sysload=1.26 cputime=1726.668 memavail=6481920 print_time=23235.914 buffer_time=0.000 print_stall=0 extruder: target=0 temp=23.3 pwm=0.000
Stats 3985513.0: gcodein=0  mcu: mcu_awake=0.001 mcu_task_avg=0.000014 mcu_task_stddev=0.000008 bytes_write=16033637 bytes_read=16430520 bytes_retransmit=9 bytes_invalid=0 send_seq=500094 receive_seq=500094 retransmit_seq=2 srtt=0.003 rttvar=0.000 rto=0.025 ready_bytes=0 upcoming_bytes=0 freq=71999134 heater_bed: target=60 temp=60.0 pwm=0.181  sysload=1.26 cputime=1726.673 memavail=6464312 print_time=23235.914 buffer_time=0.000 print_stall=0 extruder: target=0 temp=23.3 pwm=0.000
Stats 3985514.0: gcodein=0  mcu: mcu_awake=0.001 mcu_task_avg=0.000014 mcu_task_stddev=0.000008 bytes_write=16033643 bytes_read=16430641 bytes_retransmit=9 bytes_invalid=0 send_seq=500095 receive_seq=500095 retransmit_seq=2 srtt=0.003 rttvar=0.000 rto=0.025 ready_bytes=0 upcoming_bytes=0 freq=71999134 heater_bed: target=60 temp=60.0 pwm=0.181  sysload=1.26 cputime=1726.677 memavail=6435168 print_time=23235.914 buffer_time=0.000 print_stall=0 extruder: target=0 temp=23.3 pwm=0.000
Stats 3985515.0: gcodein=0  mcu: mcu_awake=0.001 mcu_task_avg=0.000014 mcu_task_stddev=0.000008 bytes_write=16033649 bytes_read=16430747 bytes_retransmit=9 bytes_invalid=0 send_seq=500096 receive_seq=500096 retransmit_seq=2 srtt=0.003 rttvar=0.000 rto=0.025 ready_bytes=0 upcoming_bytes=0 freq=71999134 heater_bed: target=60 temp=60.0 pwm=0.181  sysload=1.26 cputime=1726.681 memavail=6425088 print_time=23235.914 buffer_time=0.000 print_stall=0 extruder: target=0 temp=23.3 pwm=0.000
Stats 3985516.0: gcodein=0  mcu: mcu_awake=0.001 mcu_task_avg=0.000014 mcu_task_stddev=0.000008 bytes_write=16033686 bytes_read=16430891 bytes_retransmit=9 bytes_invalid=0 send_seq=500099 receive_seq=500099 retransmit_seq=2 srtt=0.003 rttvar=0.000 rto=0.025 ready_bytes=0 upcoming_bytes=0 freq=71999133 heater_bed: target=60 temp=60.0 pwm=0.221  sysload=1.26 cputime=1726.685 memavail=6403168 print_time=23235.914 buffer_time=0.000 print_stall=0 extruder: target=0 temp=23.3 pwm=0.000
Stats 3985517.0: gcodein=0  mcu: mcu_awake=0.001 mcu_task_avg=0.000014 mcu_task_stddev=0.000008 bytes_write=16033692 bytes_read=16431012 bytes_retransmit=9 bytes_invalid=0 send_seq=500100 receive_seq=500100 retransmit_seq=2 srtt=0.003 rttvar=0.000 rto=0.025 ready_bytes=0 upcoming_bytes=0 freq=71999133 heater_bed: target=60 temp=60.0 pwm=0.221  sysload=1.24 cputime=1726.690 memavail=6386604 print_time=23235.914 buffer_time=0.000 print_stall=0 extruder: target=0 temp=23.3 pwm=0.000
Stats 3985518.0: gcodein=0  mcu: mcu_awake=0.001 mcu_task_avg=0.000014 mcu_task_stddev=0.000008 bytes_write=16033713 bytes_read=16431123 bytes_retransmit=9 bytes_invalid=0 send_seq=500102 receive_seq=500102 retransmit_seq=2 srtt=0.003 rttvar=0.000 rto=0.025 ready_bytes=0 upcoming_bytes=0 freq=71999134 heater_bed: target=60 temp=60.0 pwm=0.129  sysload=1.24 cputime=1726.695 memavail=6505628 print_time=23235.914 buffer_time=0.000 print_stall=0 extruder: target=0 temp=23.3 pwm=0.000
Stats 3985519.0: gcodein=0  mcu: mcu_awake=0.001 mcu_task_avg=0.000014 mcu_task_stddev=0.000008 bytes_write=16033734 bytes_read=16431249 bytes_retransmit=9 bytes_invalid=0 send_seq=500104 receive_seq=500104 retransmit_seq=2 srtt=0.003 rttvar=0.000 rto=0.025 ready_bytes=0 upcoming_bytes=0 freq=71999134 heater_bed: target=60 temp=60.0 pwm=0.206  sysload=1.24 cputime=1726.699 memavail=6498184 print_time=23235.914 buffer_time=0.000 print_stall=0 extruder: target=0 temp=23.3 pwm=0.000
Stats 3985520.0: gcodein=0  mcu: mcu_awake=0.001 mcu_task_avg=0.000014 mcu_task_stddev=0.000008 bytes_write=16033755 bytes_read=16431375 bytes_retransmit=9 bytes_invalid=0 send_seq=500106 receive_seq=500106 retransmit_seq=2 srtt=0.003 rttvar=0.000 rto=0.025 ready_bytes=0 upcoming_bytes=0 freq=71999134 heater_bed: target=60 temp=60.0 pwm=0.130  sysload=1.24 cputime=1726.704 memavail=6493928 print_time=23235.914 buffer_time=0.000 print_stall=0 extruder: target=0 temp=23.3 pwm=0.000
Stats 3985521.0: gcodein=0  mcu: mcu_awake=0.001 mcu_task_avg=0.000014 mcu_task_stddev=0.000008 bytes_write=16033776 bytes_read=16431499 bytes_retransmit=9 bytes_invalid=0 send_seq=500108 receive_seq=500108 retransmit_seq=2 srtt=0.003 rttvar=0.000 rto=0.025 ready_bytes=0 upcoming_bytes=0 freq=71999134 heater_bed: target=60 temp=60.0 pwm=0.216  sysload=1.24 cputime=1726.708 memavail=6488648 print_time=23235.914 buffer_time=0.000 print_stall=0 extruder: target=0 temp=23.2 pwm=0.000
Stats 3985522.0: gcodein=0  mcu: mcu_awake=0.001 mcu_task_avg=0.000014 mcu_task_stddev=0.000008 bytes_write=16033827 bytes_read=16431635 bytes_retransmit=9 bytes_invalid=0 send_seq=500112 receive_seq=500112 retransmit_seq=2 srtt=0.003 rttvar=0.000 rto=0.025 ready_bytes=11 upcoming_bytes=0 freq=71999134 heater_bed: target=60 temp=60.0 pwm=0.258  sysload=1.14 cputime=1726.712 memavail=6469088 print_time=23235.914 buffer_time=0.000 print_stall=0 extruder: target=0 temp=23.3 pwm=0.000
Stats 3985523.0: gcodein=0  mcu: mcu_awake=0.001 mcu_task_avg=0.000014 mcu_task_stddev=0.000008 bytes_write=16033864 bytes_read=16431766 bytes_retransmit=9 bytes_invalid=0 send_seq=500115 receive_seq=500115 retransmit_seq=2 srtt=0.003 rttvar=0.000 rto=0.025 ready_bytes=0 upcoming_bytes=0 freq=71999134 heater_bed: target=60 temp=60.0 pwm=0.173  sysload=1.14 cputime=1726.718 memavail=6453460 print_time=23235.914 buffer_time=0.000 print_stall=0 extruder: target=0 temp=23.3 pwm=0.000
Stats 3985524.0: gcodein=0  mcu: mcu_awake=0.001 mcu_task_avg=0.000014 mcu_task_stddev=0.000008 bytes_write=16033886 bytes_read=16431877 bytes_retransmit=9 bytes_invalid=0 send_seq=500117 receive_seq=500117 retransmit_seq=2 srtt=0.003 rttvar=0.000 rto=0.025 ready_bytes=0 upcoming_bytes=0 freq=71999134 heater_bed: target=60 temp=60.0 pwm=0.236  sysload=1.14 cputime=1726.722 memavail=6437108 print_time=23235.914 buffer_time=0.000 print_stall=0 extruder: target=0 temp=23.3 pwm=0.000
Stats 3985525.0: gcodein=0  mcu: mcu_awake=0.001 mcu_task_avg=0.000014 mcu_task_stddev=0.000008 bytes_write=16033907 bytes_read=16432003 bytes_retransmit=9 bytes_invalid=0 send_seq=500119 receive_seq=500119 retransmit_seq=2 srtt=0.003 rttvar=0.000 rto=0.025 ready_bytes=0 upcoming_bytes=0 freq=71999134 heater_bed: target=60 temp=60.0 pwm=0.097  sysload=1.14 cputime=1726.726 memavail=6419564 print_time=23235.914 buffer_time=0.000 print_stall=0 extruder: target=0 temp=23.3 pwm=0.000
Stats 3985526.0: gcodein=0  mcu: mcu_awake=0.001 mcu_task_avg=0.000014 mcu_task_stddev=0.000008 bytes_write=16033929 bytes_read=16432143 bytes_retransmit=9 bytes_invalid=0 send_seq=500121 receive_seq=500121 retransmit_seq=2 srtt=0.003 rttvar=0.000 rto=0.025 ready_bytes=0 upcoming_bytes=0 freq=71999134 heater_bed: target=60 temp=60.0 pwm=0.281  sysload=1.14 cputime=1726.730 memavail=6404220 print_time=23235.914 buffer_time=0.000 print_stall=0 extruder: target=0 temp=23.3 pwm=0.000
Stats 3985527.0: gcodein=0  mcu: mcu_awake=0.001 mcu_task_avg=0.000014 mcu_task_stddev=0.000008 bytes_write=16033950 bytes_read=16432254 bytes_retransmit=9 bytes_invalid=0 send_seq=500123 receive_seq=500123 retransmit_seq=2 srtt=0.003 rttvar=0.000 rto=0.025 ready_bytes=0 upcoming_bytes=0 freq=71999135 heater_bed: target=60 temp=60.0 pwm=0.126  sysload=1.37 cputime=1726.734 memavail=6376764 print_time=23235.914 buffer_time=0.000 print_stall=0 extruder: target=0 temp=23.3 pwm=0.000
Stats 3985528.0: gcodein=0  mcu: mcu_awake=0.001 mcu_task_avg=0.000014 mcu_task_stddev=0.000008 bytes_write=16033982 bytes_read=16432375 bytes_retransmit=9 bytes_invalid=0 send_seq=500125 receive_seq=500125 retransmit_seq=2 srtt=0.003 rttvar=0.000 rto=0.025 ready_bytes=0 upcoming_bytes=0 freq=71999136 heater_bed: target=60 temp=60.0 pwm=0.181  sysload=1.37 cputime=1726.738 memavail=6503536 print_time=23235.914 buffer_time=0.000 print_stall=0 extruder: target=0 temp=23.3 pwm=0.000
Stats 3985529.0: gcodein=0  mcu: mcu_awake=0.001 mcu_task_avg=0.000014 mcu_task_stddev=0.000008 bytes_write=16034018 bytes_read=16432498 bytes_retransmit=9 bytes_invalid=0 send_seq=500128 receive_seq=500128 retransmit_seq=2 srtt=0.003 rttvar=0.000 rto=0.025 ready_bytes=0 upcoming_bytes=0 freq=71999136 heater_bed: target=60 temp=60.0 pwm=0.199  sysload=1.37 cputime=1726.743 memavail=6496988 print_time=23235.914 buffer_time=0.000 print_stall=0 extruder: target=0 temp=23.2 pwm=0.000
Stats 3985530.0: gcodein=0  mcu: mcu_awake=0.001 mcu_task_avg=0.000014 mcu_task_stddev=0.000008 bytes_write=16034024 bytes_read=16432597 bytes_retransmit=9 bytes_invalid=0 send_seq=500129 receive_seq=500129 retransmit_seq=2 srtt=0.003 rttvar=0.000 rto=0.025 ready_bytes=0 upcoming_bytes=0 freq=71999136 heater_bed: target=60 temp=60.0 pwm=0.199  sysload=1.37 cputime=1726.748 memavail=6490720 print_time=23235.914 buffer_time=0.000 print_stall=0 extruder: target=0 temp=23.3 pwm=0.000
Stats 3985531.0: gcodein=0  mcu: mcu_awake=0.001 mcu_task_avg=0.000014 mcu_task_stddev=0.000008 bytes_write=16034061 bytes_read=16432733 bytes_retransmit=9 bytes_invalid=0 send_seq=500132 receive_seq=500132 retransmit_seq=2 srtt=0.003 rttvar=0.000 rto=0.025 ready_bytes=10 upcoming_bytes=0 freq=71999136 heater_bed: target=60 temp=60.0 pwm=0.150  sysload=1.37 cputime=1726.752 memavail=6473348 print_time=23235.914 buffer_time=0.000 print_stall=0 extruder: target=0 temp=23.2 pwm=0.000
Stats 3985532.0: gcodein=0  mcu: mcu_awake=0.001 mcu_task_avg=0.000014 mcu_task_stddev=0.000008 bytes_write=16034082 bytes_read=16432858 bytes_retransmit=9 bytes_invalid=0 send_seq=500134 receive_seq=500134 retransmit_seq=2 srtt=0.003 rttvar=0.000 rto=0.025 ready_bytes=0 upcoming_bytes=0 freq=71999136 heater_bed: target=60 temp=60.0 pwm=0.150  sysload=1.42 cputime=1726.756 memavail=6444492 print_time=23235.914 buffer_time=0.000 print_stall=0 extruder: target=0 temp=23.3 pwm=0.000
Stats 3985533.0: gcodein=0  mcu: mcu_awake=0.001 mcu_task_avg=0.000014 mcu_task_stddev=0.000008 bytes_write=16034104 bytes_read=16432969 bytes_retransmit=9 bytes_invalid=0 send_seq=500136 receive_seq=500136 retransmit_seq=2 srtt=0.003 rttvar=0.000 rto=0.025 ready_bytes=0 upcoming_bytes=0 freq=71999136 heater_bed: target=60 temp=60.0 pwm=0.240  sysload=1.42 cputime=1726.760 memavail=6439720 print_time=23235.914 buffer_time=0.000 print_stall=0 extruder: target=0 temp=23.3 pwm=0.000
Stats 3985534.0: gcodein=0  mcu: mcu_awake=0.001 mcu_task_avg=0.000014 mcu_task_stddev=0.000008 bytes_write=16034125 bytes_read=16433095 bytes_retransmit=9 bytes_invalid=0 send_seq=500138 receive_seq=500138 retransmit_seq=2 srtt=0.003 rttvar=0.000 rto=0.025 ready_bytes=0 upcoming_bytes=0 freq=71999136 heater_bed: target=60 temp=60.0 pwm=0.156  sysload=1.42 cputime=1726.765 memavail=6428628 print_time=23235.914 buffer_time=0.000 print_stall=0 extruder: target=0 temp=23.3 pwm=0.000
Stats 3985535.0: gcodein=0  mcu: mcu_awake=0.001 mcu_task_avg=0.000014 mcu_task_stddev=0.000008 bytes_write=16034146 bytes_read=16433221 bytes_retransmit=9 bytes_invalid=0 send_seq=500140 receive_seq=500140 retransmit_seq=2 srtt=0.003 rttvar=0.000 rto=0.025 ready_bytes=0 upcoming_bytes=0 freq=71999136 heater_bed: target=60 temp=60.0 pwm=0.214  sysload=1.42 cputime=1726.769 memavail=6410344 print_time=23235.914 buffer_time=0.000 print_stall=0 extruder: target=0 temp=23.3 pwm=0.000
Stats 3985536.0: gcodein=0  mcu: mcu_awake=0.001 mcu_task_avg=0.000014 mcu_task_stddev=0.000008 bytes_write=16034152 bytes_read=16433340 bytes_retransmit=9 bytes_invalid=0 send_seq=500141 receive_seq=500141 retransmit_seq=2 srtt=0.003 rttvar=0.000 rto=0.025 ready_bytes=0 upcoming_bytes=0 freq=71999136 heater_bed: target=60 temp=60.0 pwm=0.214  sysload=1.42 cputime=1726.774 memavail=6388520 print_time=23235.914 buffer_time=0.000 print_stall=0 extruder: target=0 temp=23.3 pwm=0.000
Stats 3985537.0: gcodein=0  mcu: mcu_awake=0.001 mcu_task_avg=0.000014 mcu_task_stddev=0.000008 bytes_write=16034188 bytes_read=16433471 bytes_retransmit=9 bytes_invalid=0 send_seq=500144 receive_seq=500144 retransmit_seq=2 srtt=0.003 rttvar=0.000 rto=0.025 ready_bytes=10 upcoming_bytes=0 freq=71999136 heater_bed: target=60 temp=60.0 pwm=0.157  sysload=1.38 cputime=1726.778 memavail=6358692 print_time=23235.914 buffer_time=0.000 print_stall=0 extruder: target=0 temp=23.3 pwm=0.000
Stats 3985538.0: gcodein=0  mcu: mcu_awake=0.001 mcu_task_avg=0.000014 mcu_task_stddev=0.000008 bytes_write=16034240 bytes_read=16433607 bytes_retransmit=9 bytes_invalid=0 send_seq=500148 receive_seq=500148 retransmit_seq=2 srtt=0.003 rttvar=0.000 rto=0.025 ready_bytes=0 upcoming_bytes=0 freq=71999137 heater_bed: target=60 temp=60.0 pwm=0.163  sysload=1.38 cputime=1726.782 memavail=6488664 print_time=23235.914 buffer_time=0.000 print_stall=0 extruder: target=0 temp=23.2 pwm=0.000
Stats 3985539.0: gcodein=0  mcu: mcu_awake=0.001 mcu_task_avg=0.000014 mcu_task_stddev=0.000008 bytes_write=16034261 bytes_read=16433718 bytes_retransmit=9 bytes_invalid=0 send_seq=500150 receive_seq=500150 retransmit_seq=2 srtt=0.003 rttvar=0.000 rto=0.025 ready_bytes=0 upcoming_bytes=0 freq=71999136 heater_bed: target=60 temp=60.0 pwm=0.217  sysload=1.38 cputime=1726.786 memavail=6478976 print_time=23235.914 buffer_time=0.000 print_stall=0 extruder: target=0 temp=23.2 pwm=0.000
Stats 3985540.0: gcodein=0  mcu: mcu_awake=0.001 mcu_task_avg=0.000014 mcu_task_stddev=0.000008 bytes_write=16034298 bytes_read=16433849 bytes_retransmit=9 bytes_invalid=0 send_seq=500153 receive_seq=500153 retransmit_seq=2 srtt=0.003 rttvar=0.000 rto=0.025 ready_bytes=10 upcoming_bytes=0 freq=71999136 heater_bed: target=60 temp=60.0 pwm=0.177  sysload=1.38 cputime=1726.791 memavail=6468980 print_time=23235.914 buffer_time=0.000 print_stall=0 extruder: target=0 temp=23.2 pwm=0.000
Stats 3985541.0: gcodein=0  mcu: mcu_awake=0.001 mcu_task_avg=0.000014 mcu_task_stddev=0.000008 bytes_write=16034350 bytes_read=16433999 bytes_retransmit=9 bytes_invalid=0 send_seq=500157 receive_seq=500157 retransmit_seq=2 srtt=0.003 rttvar=0.000 rto=0.025 ready_bytes=0 upcoming_bytes=0 freq=71999136 heater_bed: target=60 temp=60.0 pwm=0.298  sysload=1.38 cputime=1726.796 memavail=6443336 print_time=23235.914 buffer_time=0.000 print_stall=0 extruder: target=0 temp=23.3 pwm=0.000
Stats 3985542.0: gcodein=0  mcu: mcu_awake=0.001 mcu_task_avg=0.000014 mcu_task_stddev=0.000008 bytes_write=16034371 bytes_read=16434110 bytes_retransmit=9 bytes_invalid=0 send_seq=500159 receive_seq=500159 retransmit_seq=2 srtt=0.003 rttvar=0.000 rto=0.025 ready_bytes=0 upcoming_bytes=0 freq=71999136 heater_bed: target=60 temp=60.0 pwm=0.136  sysload=1.43 cputime=1726.800 memavail=6437748 print_time=23235.914 buffer_time=0.000 print_stall=0 extruder: target=0 temp=23.2 pwm=0.000
Stats 3985543.0: gcodein=0  mcu: mcu_awake=0.001 mcu_task_avg=0.000014 mcu_task_stddev=0.000008 bytes_write=16034408 bytes_read=16434241 bytes_retransmit=9 bytes_invalid=0 send_seq=500162 receive_seq=500162 retransmit_seq=2 srtt=0.003 rttvar=0.000 rto=0.025 ready_bytes=0 upcoming_bytes=0 freq=71999136 heater_bed: target=60 temp=60.0 pwm=0.185  sysload=1.43 cputime=1726.805 memavail=6429016 print_time=23235.914 buffer_time=0.000 print_stall=0 extruder: target=0 temp=23.3 pwm=0.000
Stats 3985544.0: gcodein=0  mcu: mcu_awake=0.001 mcu_task_avg=0.000014 mcu_task_stddev=0.000008 bytes_write=16034414 bytes_read=16434362 bytes_retransmit=9 bytes_invalid=0 send_seq=500163 receive_seq=500163 retransmit_seq=2 srtt=0.003 rttvar=0.000 rto=0.025 ready_bytes=0 upcoming_bytes=0 freq=71999136 heater_bed: target=60 temp=60.0 pwm=0.185  sysload=1.43 cputime=1726.808 memavail=6411908 print_time=23235.914 buffer_time=0.000 print_stall=0 extruder: target=0 temp=23.3 pwm=0.000
Stats 3985545.0: gcodein=0  mcu: mcu_awake=0.001 mcu_task_avg=0.000014 mcu_task_stddev=0.000008 bytes_write=16034420 bytes_read=16434468 bytes_retransmit=9 bytes_invalid=0 send_seq=500164 receive_seq=500164 retransmit_seq=2 srtt=0.003 rttvar=0.000 rto=0.025 ready_bytes=0 upcoming_bytes=0 freq=71999136 heater_bed: target=60 temp=60.0 pwm=0.185  sysload=1.43 cputime=1726.812 memavail=6393012 print_time=23235.914 buffer_time=0.000 print_stall=0 extruder: target=0 temp=23.3 pwm=0.000
Stats 3985546.0: gcodein=0  mcu: mcu_awake=0.001 mcu_task_avg=0.000014 mcu_task_stddev=0.000009 bytes_write=16034426 bytes_read=16434602 bytes_retransmit=9 bytes_invalid=0 send_seq=500165 receive_seq=500165 retransmit_seq=2 srtt=0.003 rttvar=0.000 rto=0.025 ready_bytes=11 upcoming_bytes=0 freq=71999137 heater_bed: target=60 temp=60.0 pwm=0.253  sysload=1.43 cputime=1726.816 memavail=6358768 print_time=23235.914 buffer_time=0.000 print_stall=0 extruder: target=0 temp=23.3 pwm=0.000
Stats 3985547.0: gcodein=0  mcu: mcu_awake=0.001 mcu_task_avg=0.000014 mcu_task_stddev=0.000009 bytes_write=16034478 bytes_read=16434738 bytes_retransmit=9 bytes_invalid=0 send_seq=500169 receive_seq=500169 retransmit_seq=2 srtt=0.003 rttvar=0.000 rto=0.025 ready_bytes=0 upcoming_bytes=0 freq=71999137 heater_bed: target=60 temp=60.0 pwm=0.093  sysload=1.40 cputime=1726.821 memavail=6350956 print_time=23235.914 buffer_time=0.000 print_stall=0 extruder: target=0 temp=23.3 pwm=0.000
Stats 3985548.0: gcodein=0  mcu: mcu_awake=0.001 mcu_task_avg=0.000014 mcu_task_stddev=0.000009 bytes_write=16034515 bytes_read=16434854 bytes_retransmit=9 bytes_invalid=0 send_seq=500172 receive_seq=500172 retransmit_seq=2 srtt=0.003 rttvar=0.000 rto=0.025 ready_bytes=0 upcoming_bytes=0 freq=71999137 heater_bed: target=60 temp=60.0 pwm=0.257  sysload=1.40 cputime=1726.825 memavail=6567144 print_time=23235.914 buffer_time=0.000 print_stall=0 extruder: target=0 temp=23.3 pwm=0.000
Stats 3985549.0: gcodein=0  mcu: mcu_awake=0.001 mcu_task_avg=0.000014 mcu_task_stddev=0.000009 bytes_write=16034536 bytes_read=16434980 bytes_retransmit=9 bytes_invalid=0 send_seq=500174 receive_seq=500174 retransmit_seq=2 srtt=0.003 rttvar=0.000 rto=0.025 ready_bytes=0 upcoming_bytes=0 freq=71999137 heater_bed: target=60 temp=60.0 pwm=0.157  sysload=1.40 cputime=1726.829 memavail=6559976 print_time=23235.914 buffer_time=0.000 print_stall=0 extruder: target=0 temp=23.3 pwm=0.000
Stats 3985550.0: gcodein=0  mcu: mcu_awake=0.001 mcu_task_avg=0.000014 mcu_task_stddev=0.000009 bytes_write=16034558 bytes_read=16435106 bytes_retransmit=9 bytes_invalid=0 send_seq=500176 receive_seq=500176 retransmit_seq=2 srtt=0.003 rttvar=0.000 rto=0.025 ready_bytes=0 upcoming_bytes=0 freq=71999138 heater_bed: target=60 temp=60.0 pwm=0.238  sysload=1.40 cputime=1726.834 memavail=6550904 print_time=23235.914 buffer_time=0.000 print_stall=0 extruder: target=0 temp=23.3 pwm=0.000
Stats 3985551.0: gcodein=0  mcu: mcu_awake=0.001 mcu_task_avg=0.000014 mcu_task_stddev=0.000009 bytes_write=16034595 bytes_read=16435222 bytes_retransmit=9 bytes_invalid=0 send_seq=500179 receive_seq=500179 retransmit_seq=2 srtt=0.003 rttvar=0.000 rto=0.025 ready_bytes=0 upcoming_bytes=0 freq=71999140 heater_bed: target=60 temp=60.0 pwm=0.222  sysload=1.40 cputime=1726.839 memavail=6524624 print_time=23235.914 buffer_time=0.000 print_stall=0 extruder: target=0 temp=23.2 pwm=0.000
Stats 3985552.0: gcodein=0  mcu: mcu_awake=0.001 mcu_task_avg=0.000014 mcu_task_stddev=0.000008 bytes_write=16034647 bytes_read=16435372 bytes_retransmit=9 bytes_invalid=0 send_seq=500183 receive_seq=500183 retransmit_seq=2 srtt=0.003 rttvar=0.000 rto=0.025 ready_bytes=10 upcoming_bytes=0 freq=71999139 heater_bed: target=60 temp=60.0 pwm=0.154  sysload=1.37 cputime=1726.844 memavail=6513284 print_time=23235.914 buffer_time=0.000 print_stall=0 extruder: target=0 temp=23.3 pwm=0.000
Stats 3985553.0: gcodein=0  mcu: mcu_awake=0.001 mcu_task_avg=0.000014 mcu_task_stddev=0.000008 bytes_write=16034709 bytes_read=16435508 bytes_retransmit=9 bytes_invalid=0 send_seq=500187 receive_seq=500187 retransmit_seq=2 srtt=0.003 rttvar=0.000 rto=0.025 ready_bytes=0 upcoming_bytes=0 freq=71999140 heater_bed: target=60 temp=60.0 pwm=0.116  sysload=1.37 cputime=1726.849 memavail=6496152 print_time=23235.914 buffer_time=0.000 print_stall=0 extruder: target=0 temp=23.3 pwm=0.000
Stats 3985554.0: gcodein=0  mcu: mcu_awake=0.001 mcu_task_avg=0.000014 mcu_task_stddev=0.000008 bytes_write=16034746 bytes_read=16435624 bytes_retransmit=9 bytes_invalid=0 send_seq=500190 receive_seq=500190 retransmit_seq=2 srtt=0.003 rttvar=0.000 rto=0.025 ready_bytes=0 upcoming_bytes=0 freq=71999140 heater_bed: target=60 temp=60.0 pwm=0.260  sysload=1.37 cputime=1726.853 memavail=6481316 print_time=23235.914 buffer_time=0.000 print_stall=0 extruder: target=0 temp=23.2 pwm=0.000
Stats 3985555.0: gcodein=0  mcu: mcu_awake=0.001 mcu_task_avg=0.000014 mcu_task_stddev=0.000008 bytes_write=16034767 bytes_read=16435750 bytes_retransmit=9 bytes_invalid=0 send_seq=500192 receive_seq=500192 retransmit_seq=2 srtt=0.003 rttvar=0.000 rto=0.025 ready_bytes=10 upcoming_bytes=0 freq=71999139 heater_bed: target=60 temp=60.0 pwm=0.100  sysload=1.37 cputime=1726.857 memavail=6462976 print_time=23235.914 buffer_time=0.000 print_stall=0 extruder: target=0 temp=23.3 pwm=0.000
Stats 3985556.0: gcodein=0  mcu: mcu_awake=0.001 mcu_task_avg=0.000014 mcu_task_stddev=0.000008 bytes_write=16034819 bytes_read=16435886 bytes_retransmit=9 bytes_invalid=0 send_seq=500196 receive_seq=500196 retransmit_seq=2 srtt=0.003 rttvar=0.000 rto=0.025 ready_bytes=0 upcoming_bytes=0 freq=71999139 heater_bed: target=60 temp=60.0 pwm=0.240  sysload=1.37 cputime=1726.862 memavail=6437936 print_time=23235.914 buffer_time=0.000 print_stall=0 extruder: target=0 temp=23.3 pwm=0.000
Stats 3985557.0: gcodein=0  mcu: mcu_awake=0.001 mcu_task_avg=0.000015 mcu_task_stddev=0.000009 bytes_write=16034872 bytes_read=16436021 bytes_retransmit=9 bytes_invalid=0 send_seq=500200 receive_seq=500200 retransmit_seq=2 srtt=0.002 rttvar=0.000 rto=0.025 ready_bytes=0 upcoming_bytes=0 freq=71999139 heater_bed: target=60 temp=60.0 pwm=0.125  sysload=1.34 cputime=1726.866 memavail=6421900 print_time=23235.914 buffer_time=0.000 print_stall=0 extruder: target=0 temp=23.3 pwm=0.000
Stats 3985558.0: gcodein=0  mcu: mcu_awake=0.001 mcu_task_avg=0.000015 mcu_task_stddev=0.000009 bytes_write=16034908 bytes_read=16436152 bytes_retransmit=9 bytes_invalid=0 send_seq=500203 receive_seq=500203 retransmit_seq=2 srtt=0.002 rttvar=0.000 rto=0.025 ready_bytes=10 upcoming_bytes=0 freq=71999139 heater_bed: target=60 temp=60.0 pwm=0.185  sysload=1.34 cputime=1726.871 memavail=6558320 print_time=23235.914 buffer_time=0.000 print_stall=0 extruder: target=0 temp=23.2 pwm=0.000
Stats 3985559.0: gcodein=0  mcu: mcu_awake=0.001 mcu_task_avg=0.000015 mcu_task_stddev=0.000009 bytes_write=16034960 bytes_read=16436288 bytes_retransmit=9 bytes_invalid=0 send_seq=500207 receive_seq=500207 retransmit_seq=2 srtt=0.002 rttvar=0.000 rto=0.025 ready_bytes=0 upcoming_bytes=0 freq=71999139 heater_bed: target=60 temp=60.0 pwm=0.217  sysload=1.34 cputime=1726.876 memavail=6549784 print_time=23235.914 buffer_time=0.000 print_stall=0 extruder: target=0 temp=23.2 pwm=0.000
Stats 3985560.0: gcodein=0  mcu: mcu_awake=0.001 mcu_task_avg=0.000015 mcu_task_stddev=0.000009 bytes_write=16034981 bytes_read=16436399 bytes_retransmit=9 bytes_invalid=0 send_seq=500209 receive_seq=500209 retransmit_seq=2 srtt=0.003 rttvar=0.000 rto=0.025 ready_bytes=0 upcoming_bytes=0 freq=71999139 heater_bed: target=60 temp=60.0 pwm=0.158  sysload=1.34 cputime=1726.879 memavail=6539336 print_time=23235.914 buffer_time=0.000 print_stall=0 extruder: target=0 temp=23.2 pwm=0.000
Stats 3985561.0: gcodein=0  mcu: mcu_awake=0.001 mcu_task_avg=0.000015 mcu_task_stddev=0.000009 bytes_write=16035003 bytes_read=16436525 bytes_retransmit=9 bytes_invalid=0 send_seq=500211 receive_seq=500211 retransmit_seq=2 srtt=0.003 rttvar=0.000 rto=0.025 ready_bytes=10 upcoming_bytes=0 freq=71999139 heater_bed: target=60 temp=60.0 pwm=0.184  sysload=1.34 cputime=1726.883 memavail=6516640 print_time=23235.914 buffer_time=0.000 print_stall=0 extruder: target=0 temp=23.3 pwm=0.000
Stats 3985562.0: gcodein=0  mcu: mcu_awake=0.001 mcu_task_avg=0.000015 mcu_task_stddev=0.000008 bytes_write=16035055 bytes_read=16436675 bytes_retransmit=9 bytes_invalid=0 send_seq=500215 receive_seq=500215 retransmit_seq=2 srtt=0.003 rttvar=0.000 rto=0.025 ready_bytes=0 upcoming_bytes=0 freq=71999139 heater_bed: target=60 temp=60.0 pwm=0.139  sysload=1.23 cputime=1726.888 memavail=6499368 print_time=23235.914 buffer_time=0.000 print_stall=0 extruder: target=0 temp=23.3 pwm=0.000
Stats 3985563.0: gcodein=0  mcu: mcu_awake=0.001 mcu_task_avg=0.000015 mcu_task_stddev=0.000008 bytes_write=16035076 bytes_read=16436786 bytes_retransmit=9 bytes_invalid=0 send_seq=500217 receive_seq=500217 retransmit_seq=2 srtt=0.003 rttvar=0.000 rto=0.025 ready_bytes=0 upcoming_bytes=0 freq=71999139 heater_bed: target=60 temp=60.0 pwm=0.205  sysload=1.23 cputime=1726.892 memavail=6471160 print_time=23235.914 buffer_time=0.000 print_stall=0 extruder: target=0 temp=23.2 pwm=0.000
Stats 3985564.0: gcodein=0  mcu: mcu_awake=0.001 mcu_task_avg=0.000015 mcu_task_stddev=0.000008 bytes_write=16035082 bytes_read=16436907 bytes_retransmit=9 bytes_invalid=0 send_seq=500218 receive_seq=500218 retransmit_seq=2 srtt=0.003 rttvar=0.000 rto=0.025 ready_bytes=10 upcoming_bytes=0 freq=71999141 heater_bed: target=60 temp=60.0 pwm=0.130  sysload=1.23 cputime=1726.897 memavail=6462116 print_time=23235.914 buffer_time=0.000 print_stall=0 extruder: target=0 temp=23.2 pwm=0.000
Stats 3985565.0: gcodein=0  mcu: mcu_awake=0.001 mcu_task_avg=0.000015 mcu_task_stddev=0.000008 bytes_write=16035118 bytes_read=16437038 bytes_retransmit=9 bytes_invalid=0 send_seq=500221 receive_seq=500221 retransmit_seq=2 srtt=0.003 rttvar=0.000 rto=0.025 ready_bytes=0 upcoming_bytes=0 freq=71999141 heater_bed: target=60 temp=60.0 pwm=0.188  sysload=1.23 cputime=1726.901 memavail=6448652 print_time=23235.914 buffer_time=0.000 print_stall=0 extruder: target=0 temp=23.2 pwm=0.000
Stats 3985566.0: gcodein=0  mcu: mcu_awake=0.001 mcu_task_avg=0.000015 mcu_task_stddev=0.000008 bytes_write=16035155 bytes_read=16437154 bytes_retransmit=9 bytes_invalid=0 send_seq=500224 receive_seq=500224 retransmit_seq=2 srtt=0.003 rttvar=0.000 rto=0.025 ready_bytes=0 upcoming_bytes=0 freq=71999142 heater_bed: target=60 temp=60.0 pwm=0.279  sysload=1.23 cputime=1726.906 memavail=6425300 print_time=23235.914 buffer_time=0.000 print_stall=0 extruder: target=0 temp=23.2 pwm=0.000
Stats 3985567.0: gcodein=0  mcu: mcu_awake=0.001 mcu_task_avg=0.000014 mcu_task_stddev=0.000008 bytes_write=16035186 bytes_read=16437294 bytes_retransmit=9 bytes_invalid=0 send_seq=500226 receive_seq=500226 retransmit_seq=2 srtt=0.003 rttvar=0.000 rto=0.025 ready_bytes=0 upcoming_bytes=0 freq=71999143 heater_bed: target=60 temp=60.0 pwm=0.098  sysload=1.13 cputime=1726.910 memavail=6412952 print_time=23235.914 buffer_time=0.000 print_stall=0 extruder: target=0 temp=23.2 pwm=0.000
Stats 3985568.0: gcodein=0  mcu: mcu_awake=0.001 mcu_task_avg=0.000014 mcu_task_stddev=0.000008 bytes_write=16035223 bytes_read=16437425 bytes_retransmit=9 bytes_invalid=0 send_seq=500229 receive_seq=500229 retransmit_seq=2 srtt=0.003 rttvar=0.000 rto=0.025 ready_bytes=0 upcoming_bytes=0 freq=71999142 heater_bed: target=60 temp=60.0 pwm=0.276  sysload=1.13 cputime=1726.914 memavail=6540080 print_time=23235.914 buffer_time=0.000 print_stall=0 extruder: target=0 temp=23.2 pwm=0.000
Stats 3985569.0: gcodein=0  mcu: mcu_awake=0.001 mcu_task_avg=0.000014 mcu_task_stddev=0.000008 bytes_write=16035244 bytes_read=16437536 bytes_retransmit=9 bytes_invalid=0 send_seq=500231 receive_seq=500231 retransmit_seq=2 srtt=0.003 rttvar=0.000 rto=0.025 ready_bytes=0 upcoming_bytes=0 freq=71999142 heater_bed: target=60 temp=60.0 pwm=0.131  sysload=1.13 cputime=1726.919 memavail=6529172 print_time=23235.914 buffer_time=0.000 print_stall=0 extruder: target=0 temp=23.3 pwm=0.000
Stats 3985570.0: gcodein=0  mcu: mcu_awake=0.001 mcu_task_avg=0.000014 mcu_task_stddev=0.000008 bytes_write=16035266 bytes_read=16437662 bytes_retransmit=9 bytes_invalid=0 send_seq=500233 receive_seq=500233 retransmit_seq=2 srtt=0.003 rttvar=0.000 rto=0.025 ready_bytes=0 upcoming_bytes=0 freq=71999142 heater_bed: target=60 temp=60.0 pwm=0.293  sysload=1.13 cputime=1726.924 memavail=6503804 print_time=23235.914 buffer_time=0.000 print_stall=0 extruder: target=0 temp=23.3 pwm=0.000
Stats 3985571.0: gcodein=0  mcu: mcu_awake=0.001 mcu_task_avg=0.000014 mcu_task_stddev=0.000008 bytes_write=16035308 bytes_read=16437809 bytes_retransmit=9 bytes_invalid=0 send_seq=500237 receive_seq=500237 retransmit_seq=2 srtt=0.003 rttvar=0.000 rto=0.025 ready_bytes=0 upcoming_bytes=0 freq=71999141 heater_bed: target=60 temp=60.0 pwm=0.119  sysload=1.13 cputime=1726.929 memavail=6491584 print_time=23235.914 buffer_time=0.000 print_stall=0 extruder: target=0 temp=23.3 pwm=0.000
Stats 3985572.0: gcodein=0  mcu: mcu_awake=0.001 mcu_task_avg=0.000014 mcu_task_stddev=0.000008 bytes_write=16035314 bytes_read=16437929 bytes_retransmit=9 bytes_invalid=0 send_seq=500238 receive_seq=500238 retransmit_seq=2 srtt=0.003 rttvar=0.000 rto=0.025 ready_bytes=0 upcoming_bytes=0 freq=71999141 heater_bed: target=60 temp=60.0 pwm=0.119  sysload=1.04 cputime=1726.934 memavail=6479796 print_time=23235.914 buffer_time=0.000 print_stall=0 extruder: target=0 temp=23.3 pwm=0.000
Stats 3985573.0: gcodein=0  mcu: mcu_awake=0.001 mcu_task_avg=0.000014 mcu_task_stddev=0.000008 bytes_write=16035336 bytes_read=16438055 bytes_retransmit=9 bytes_invalid=0 send_seq=500240 receive_seq=500240 retransmit_seq=2 srtt=0.003 rttvar=0.000 rto=0.025 ready_bytes=0 upcoming_bytes=0 freq=71999141 heater_bed: target=60 temp=60.0 pwm=0.249  sysload=1.04 cputime=1726.939 memavail=6464856 print_time=23235.914 buffer_time=0.000 print_stall=0 extruder: target=0 temp=23.3 pwm=0.000
Stats 3985574.0: gcodein=0  mcu: mcu_awake=0.001 mcu_task_avg=0.000014 mcu_task_stddev=0.000008 bytes_write=16035357 bytes_read=16438181 bytes_retransmit=9 bytes_invalid=0 send_seq=500242 receive_seq=500242 retransmit_seq=2 srtt=0.003 rttvar=0.000 rto=0.025 ready_bytes=0 upcoming_bytes=0 freq=71999141 heater_bed: target=60 temp=60.0 pwm=0.143  sysload=1.04 cputime=1726.943 memavail=6454040 print_time=23235.914 buffer_time=0.000 print_stall=0 extruder: target=0 temp=23.2 pwm=0.000
Stats 3985575.0: gcodein=0  mcu: mcu_awake=0.001 mcu_task_avg=0.000014 mcu_task_stddev=0.000008 bytes_write=16035379 bytes_read=16438292 bytes_retransmit=9 bytes_invalid=0 send_seq=500244 receive_seq=500244 retransmit_seq=2 srtt=0.003 rttvar=0.000 rto=0.025 ready_bytes=0 upcoming_bytes=0 freq=71999141 heater_bed: target=60 temp=60.0 pwm=0.268  sysload=1.04 cputime=1726.948 memavail=6423704 print_time=23235.914 buffer_time=0.000 print_stall=0 extruder: target=0 temp=23.3 pwm=0.000
Stats 3985576.0: gcodein=0  mcu: mcu_awake=0.001 mcu_task_avg=0.000014 mcu_task_stddev=0.000008 bytes_write=16035400 bytes_read=16438418 bytes_retransmit=9 bytes_invalid=0 send_seq=500246 receive_seq=500246 retransmit_seq=2 srtt=0.003 rttvar=0.000 rto=0.025 ready_bytes=0 upcoming_bytes=0 freq=71999140 heater_bed: target=60 temp=60.0 pwm=0.157  sysload=1.04 cputime=1726.953 memavail=6411480 print_time=23235.914 buffer_time=0.000 print_stall=0 extruder: target=0 temp=23.3 pwm=0.000
Stats 3985577.0: gcodein=0  mcu: mcu_awake=0.001 mcu_task_avg=0.000014 mcu_task_stddev=0.000008 bytes_write=16035422 bytes_read=16438557 bytes_retransmit=9 bytes_invalid=0 send_seq=500248 receive_seq=500248 retransmit_seq=2 srtt=0.003 rttvar=0.000 rto=0.025 ready_bytes=0 upcoming_bytes=0 freq=71999140 heater_bed: target=60 temp=60.0 pwm=0.230  sysload=0.96 cputime=1726.957 memavail=6396292 print_time=23235.914 buffer_time=0.000 print_stall=0 extruder: target=0 temp=23.2 pwm=0.000
Stats 3985578.0: gcodein=0  mcu: mcu_awake=0.001 mcu_task_avg=0.000014 mcu_task_stddev=0.000008 bytes_write=16035443 bytes_read=16438668 bytes_retransmit=9 bytes_invalid=0 send_seq=500250 receive_seq=500250 retransmit_seq=2 srtt=0.003 rttvar=0.000 rto=0.025 ready_bytes=0 upcoming_bytes=0 freq=71999140 heater_bed: target=60 temp=60.0 pwm=0.177  sysload=0.96 cputime=1726.962 memavail=6547020 print_time=23235.914 buffer_time=0.000 print_stall=0 extruder: target=0 temp=23.2 pwm=0.000
Stats 3985579.0: gcodein=0  mcu: mcu_awake=0.001 mcu_task_avg=0.000014 mcu_task_stddev=0.000008 bytes_write=16035480 bytes_read=16438799 bytes_retransmit=9 bytes_invalid=0 send_seq=500253 receive_seq=500253 retransmit_seq=2 srtt=0.003 rttvar=0.000 rto=0.025 ready_bytes=0 upcoming_bytes=0 freq=71999139 heater_bed: target=60 temp=60.0 pwm=0.264  sysload=0.96 cputime=1726.966 memavail=6532352 print_time=23235.914 buffer_time=0.000 print_stall=0 extruder: target=0 temp=23.2 pwm=0.000
Stats 3985580.1: gcodein=0  mcu: mcu_awake=0.001 mcu_task_avg=0.000014 mcu_task_stddev=0.000008 bytes_write=16035496 bytes_read=16438920 bytes_retransmit=9 bytes_invalid=0 send_seq=500254 receive_seq=500254 retransmit_seq=2 srtt=0.003 rttvar=0.000 rto=0.025 ready_bytes=0 upcoming_bytes=0 freq=71999141 heater_bed: target=60 temp=60.0 pwm=0.192  sysload=0.96 cputime=1726.971 memavail=6508524 print_time=23235.914 buffer_time=0.000 print_stall=0 extruder: target=0 temp=23.3 pwm=0.000
Stats 3985581.1: gcodein=0  mcu: mcu_awake=0.001 mcu_task_avg=0.000014 mcu_task_stddev=0.000008 bytes_write=16035517 bytes_read=16439031 bytes_retransmit=9 bytes_invalid=0 send_seq=500256 receive_seq=500256 retransmit_seq=2 srtt=0.003 rttvar=0.000 rto=0.025 ready_bytes=0 upcoming_bytes=0 freq=71999140 heater_bed: target=60 temp=60.0 pwm=0.130  sysload=0.96 cputime=1726.976 memavail=6501248 print_time=23235.914 buffer_time=0.000 print_stall=0 extruder: target=0 temp=23.2 pwm=0.000
Stats 3985582.1: gcodein=0  mcu: mcu_awake=0.001 mcu_task_avg=0.000014 mcu_task_stddev=0.000008 bytes_write=16035554 bytes_read=16439176 bytes_retransmit=9 bytes_invalid=0 send_seq=500259 receive_seq=500259 retransmit_seq=2 srtt=0.003 rttvar=0.000 rto=0.025 ready_bytes=0 upcoming_bytes=0 freq=71999140 heater_bed: target=60 temp=60.0 pwm=0.185  sysload=0.96 cputime=1726.980 memavail=6484616 print_time=23235.914 buffer_time=0.000 print_stall=0 extruder: target=0 temp=23.2 pwm=0.000
Stats 3985583.1: gcodein=0  mcu: mcu_awake=0.001 mcu_task_avg=0.000014 mcu_task_stddev=0.000008 bytes_write=16035575 bytes_read=16439302 bytes_retransmit=9 bytes_invalid=0 send_seq=500261 receive_seq=500261 retransmit_seq=2 srtt=0.003 rttvar=0.000 rto=0.025 ready_bytes=0 upcoming_bytes=0 freq=71999140 heater_bed: target=60 temp=60.0 pwm=0.106  sysload=0.96 cputime=1726.985 memavail=6468576 print_time=23235.914 buffer_time=0.000 print_stall=0 extruder: target=0 temp=23.2 pwm=0.000
Stats 3985584.1: gcodein=0  mcu: mcu_awake=0.001 mcu_task_avg=0.000014 mcu_task_stddev=0.000008 bytes_write=16035612 bytes_read=16439418 bytes_retransmit=9 bytes_invalid=0 send_seq=500264 receive_seq=500264 retransmit_seq=2 srtt=0.003 rttvar=0.000 rto=0.025 ready_bytes=0 upcoming_bytes=0 freq=71999140 heater_bed: target=60 temp=60.0 pwm=0.251  sysload=0.96 cputime=1726.990 memavail=6446664 print_time=23235.914 buffer_time=0.000 print_stall=0 extruder: target=0 temp=23.2 pwm=0.000
Stats 3985585.1: gcodein=0  mcu: mcu_awake=0.001 mcu_task_avg=0.000014 mcu_task_stddev=0.000008 bytes_write=16035633 bytes_read=16439544 bytes_retransmit=9 bytes_invalid=0 send_seq=500266 receive_seq=500266 retransmit_seq=2 srtt=0.003 rttvar=0.000 rto=0.025 ready_bytes=0 upcoming_bytes=0 freq=71999139 heater_bed: target=60 temp=60.0 pwm=0.171  sysload=0.96 cputime=1726.995 memavail=6423028 print_time=23235.914 buffer_time=0.000 print_stall=0 extruder: target=0 temp=23.2 pwm=0.000
Stats 3985586.1: gcodein=0  mcu: mcu_awake=0.001 mcu_task_avg=0.000014 mcu_task_stddev=0.000008 bytes_write=16035669 bytes_read=16439675 bytes_retransmit=9 bytes_invalid=0 send_seq=500269 receive_seq=500269 retransmit_seq=2 srtt=0.003 rttvar=0.000 rto=0.025 ready_bytes=0 upcoming_bytes=0 freq=71999139 heater_bed: target=60 temp=60.0 pwm=0.160  sysload=0.96 cputime=1726.999 memavail=6407908 print_time=23235.914 buffer_time=0.000 print_stall=0 extruder: target=0 temp=23.2 pwm=0.000
Stats 3985587.1: gcodein=0  mcu: mcu_awake=0.001 mcu_task_avg=0.000014 mcu_task_stddev=0.000008 bytes_write=16035706 bytes_read=16439805 bytes_retransmit=9 bytes_invalid=0 send_seq=500272 receive_seq=500272 retransmit_seq=2 srtt=0.003 rttvar=0.000 rto=0.025 ready_bytes=0 upcoming_bytes=0 freq=71999139 heater_bed: target=60 temp=60.0 pwm=0.157  sysload=0.88 cputime=1727.003 memavail=6395308 print_time=23235.914 buffer_time=0.000 print_stall=0 extruder: target=0 temp=23.2 pwm=0.000
Stats 3985588.1: gcodein=0  mcu: mcu_awake=0.001 mcu_task_avg=0.000014 mcu_task_stddev=0.000008 bytes_write=16035758 bytes_read=16439932 bytes_retransmit=9 bytes_invalid=0 send_seq=500276 receive_seq=500276 retransmit_seq=2 srtt=0.003 rttvar=0.000 rto=0.025 ready_bytes=0 upcoming_bytes=0 freq=71999139 heater_bed: target=60 temp=60.0 pwm=0.240  sysload=0.88 cputime=1727.008 memavail=6535772 print_time=23235.914 buffer_time=0.000 print_stall=0 extruder: target=0 temp=23.3 pwm=0.000
Stats 3985589.1: gcodein=0  mcu: mcu_awake=0.001 mcu_task_avg=0.000014 mcu_task_stddev=0.000008 bytes_write=16035810 bytes_read=16440060 bytes_retransmit=9 bytes_invalid=0 send_seq=500280 receive_seq=500280 retransmit_seq=2 srtt=0.003 rttvar=0.000 rto=0.025 ready_bytes=0 upcoming_bytes=0 freq=71999139 heater_bed: target=60 temp=60.0 pwm=0.053  sysload=0.88 cputime=1727.013 memavail=6507072 print_time=23235.914 buffer_time=0.000 print_stall=0 extruder: target=0 temp=23.3 pwm=0.000
Stats 3985590.1: gcodein=0  mcu: mcu_awake=0.001 mcu_task_avg=0.000014 mcu_task_stddev=0.000008 bytes_write=16035847 bytes_read=16440169 bytes_retransmit=9 bytes_invalid=0 send_seq=500283 receive_seq=500283 retransmit_seq=2 srtt=0.003 rttvar=0.000 rto=0.025 ready_bytes=0 upcoming_bytes=0 freq=71999139 heater_bed: target=60 temp=60.0 pwm=0.270  sysload=0.88 cputime=1727.018 memavail=6494932 print_time=23235.914 buffer_time=0.000 print_stall=0 extruder: target=0 temp=23.3 pwm=0.000
Stats 3985591.1: gcodein=0  mcu: mcu_awake=0.001 mcu_task_avg=0.000014 mcu_task_stddev=0.000008 bytes_write=16035909 bytes_read=16440298 bytes_retransmit=9 bytes_invalid=0 send_seq=500287 receive_seq=500287 retransmit_seq=2 srtt=0.002 rttvar=0.000 rto=0.025 ready_bytes=0 upcoming_bytes=0 freq=71999140 heater_bed: target=60 temp=60.0 pwm=0.181  sysload=0.88 cputime=1727.022 memavail=6484388 print_time=23235.914 buffer_time=0.000 print_stall=0 extruder: target=0 temp=23.3 pwm=0.000
Stats 3985592.1: gcodein=0  mcu: mcu_awake=0.002 mcu_task_avg=0.000015 mcu_task_stddev=0.000008 bytes_write=16035946 bytes_read=16440443 bytes_retransmit=9 bytes_invalid=0 send_seq=500290 receive_seq=500290 retransmit_seq=2 srtt=0.003 rttvar=0.000 rto=0.025 ready_bytes=0 upcoming_bytes=0 freq=71999140 heater_bed: target=60 temp=60.0 pwm=0.174  sysload=0.89 cputime=1727.027 memavail=6469420 print_time=23235.914 buffer_time=0.000 print_stall=0 extruder: target=0 temp=23.3 pwm=0.000
Stats 3985593.1: gcodein=0  mcu: mcu_awake=0.002 mcu_task_avg=0.000015 mcu_task_stddev=0.000008 bytes_write=16035952 bytes_read=16440549 bytes_retransmit=9 bytes_invalid=0 send_seq=500291 receive_seq=500291 retransmit_seq=2 srtt=0.003 rttvar=0.000 rto=0.025 ready_bytes=0 upcoming_bytes=0 freq=71999140 heater_bed: target=60 temp=60.0 pwm=0.174  sysload=0.89 cputime=1727.030 memavail=6449256 print_time=23235.914 buffer_time=0.000 print_stall=0 extruder: target=0 temp=23.3 pwm=0.000
Stats 3985594.1: gcodein=0  mcu: mcu_awake=0.002 mcu_task_avg=0.000015 mcu_task_stddev=0.000008 bytes_write=16035989 bytes_read=16440680 bytes_retransmit=9 bytes_invalid=0 send_seq=500294 receive_seq=500294 retransmit_seq=2 srtt=0.003 rttvar=0.000 rto=0.025 ready_bytes=0 upcoming_bytes=0 freq=71999140 heater_bed: target=60 temp=60.0 pwm=0.130  sysload=0.89 cputime=1727.035 memavail=6417820 print_time=23235.914 buffer_time=0.000 print_stall=0 extruder: target=0 temp=23.2 pwm=0.000
Stats 3985595.1: gcodein=0  mcu: mcu_awake=0.002 mcu_task_avg=0.000015 mcu_task_stddev=0.000008 bytes_write=16036010 bytes_read=16440806 bytes_retransmit=9 bytes_invalid=0 send_seq=500296 receive_seq=500296 retransmit_seq=2 srtt=0.003 rttvar=0.000 rto=0.025 ready_bytes=0 upcoming_bytes=0 freq=71999140 heater_bed: target=60 temp=60.0 pwm=0.188  sysload=0.89 cputime=1727.039 memavail=6409448 print_time=23235.914 buffer_time=0.000 print_stall=0 extruder: target=0 temp=23.2 pwm=0.000
Stats 3985596.1: gcodein=0  mcu: mcu_awake=0.002 mcu_task_avg=0.000015 mcu_task_stddev=0.000008 bytes_write=16036016 bytes_read=16440912 bytes_retransmit=9 bytes_invalid=0 send_seq=500297 receive_seq=500297 retransmit_seq=2 srtt=0.003 rttvar=0.000 rto=0.025 ready_bytes=0 upcoming_bytes=0 freq=71999140 heater_bed: target=60 temp=60.0 pwm=0.188  sysload=0.89 cputime=1727.043 memavail=6395292 print_time=23235.914 buffer_time=0.000 print_stall=0 extruder: target=0 temp=23.2 pwm=0.000
Stats 3985597.1: gcodein=0  mcu: mcu_awake=0.001 mcu_task_avg=0.000014 mcu_task_stddev=0.000008 bytes_write=16036038 bytes_read=16441051 bytes_retransmit=9 bytes_invalid=0 send_seq=500299 receive_seq=500299 retransmit_seq=2 srtt=0.003 rttvar=0.000 rto=0.025 ready_bytes=0 upcoming_bytes=0 freq=71999140 heater_bed: target=60 temp=60.0 pwm=0.253  sysload=0.82 cputime=1727.047 memavail=6380428 print_time=23235.914 buffer_time=0.000 print_stall=0 extruder: target=0 temp=23.2 pwm=0.000
Stats 3985598.1: gcodein=0  mcu: mcu_awake=0.001 mcu_task_avg=0.000014 mcu_task_stddev=0.000008 bytes_write=16036085 bytes_read=16441182 bytes_retransmit=9 bytes_invalid=0 send_seq=500302 receive_seq=500302 retransmit_seq=2 srtt=0.003 rttvar=0.000 rto=0.025 ready_bytes=0 upcoming_bytes=0 freq=71999140 heater_bed: target=60 temp=60.0 pwm=0.270  sysload=0.82 cputime=1727.052 memavail=6514020 print_time=23235.914 buffer_time=0.000 print_stall=0 extruder: target=0 temp=23.3 pwm=0.000
Stats 3985599.1: gcodein=0  mcu: mcu_awake=0.001 mcu_task_avg=0.000014 mcu_task_stddev=0.000008 bytes_write=16036106 bytes_read=16441293 bytes_retransmit=9 bytes_invalid=0 send_seq=500304 receive_seq=500304 retransmit_seq=2 srtt=0.003 rttvar=0.000 rto=0.025 ready_bytes=0 upcoming_bytes=0 freq=71999140 heater_bed: target=60 temp=60.0 pwm=0.158  sysload=0.82 cputime=1727.056 memavail=6504888 print_time=23235.914 buffer_time=0.000 print_stall=0 extruder: target=0 temp=23.2 pwm=0.000
Stats 3985600.1: gcodein=0  mcu: mcu_awake=0.001 mcu_task_avg=0.000014 mcu_task_stddev=0.000008 bytes_write=16036143 bytes_read=16441424 bytes_retransmit=9 bytes_invalid=0 send_seq=500307 receive_seq=500307 retransmit_seq=2 srtt=0.003 rttvar=0.000 rto=0.025 ready_bytes=0 upcoming_bytes=0 freq=71999144 heater_bed: target=60 temp=60.0 pwm=0.219  sysload=0.82 cputime=1727.060 memavail=6493196 print_time=23235.914 buffer_time=0.000 print_stall=0 extruder: target=0 temp=23.3 pwm=0.000
Stats 3985601.1: gcodein=0  mcu: mcu_awake=0.001 mcu_task_avg=0.000014 mcu_task_stddev=0.000008 bytes_write=16036149 bytes_read=16441545 bytes_retransmit=9 bytes_invalid=0 send_seq=500308 receive_seq=500308 retransmit_seq=2 srtt=0.003 rttvar=0.000 rto=0.025 ready_bytes=0 upcoming_bytes=0 freq=71999143 heater_bed: target=60 temp=60.0 pwm=0.219  sysload=0.82 cputime=1727.064 memavail=6482108 print_time=23235.914 buffer_time=0.000 print_stall=0 extruder: target=0 temp=23.2 pwm=0.000
Stats 3985602.1: gcodein=0  mcu: mcu_awake=0.001 mcu_task_avg=0.000014 mcu_task_stddev=0.000008 bytes_write=16036186 bytes_read=16441674 bytes_retransmit=9 bytes_invalid=0 send_seq=500311 receive_seq=500311 retransmit_seq=2 srtt=0.003 rttvar=0.001 rto=0.025 ready_bytes=0 upcoming_bytes=0 freq=71999142 heater_bed: target=60 temp=60.0 pwm=0.289  sysload=0.92 cputime=1727.068 memavail=6465288 print_time=23235.914 buffer_time=0.000 print_stall=0 extruder: target=0 temp=23.2 pwm=0.000
Stats 3985603.1: gcodein=0  mcu: mcu_awake=0.001 mcu_task_avg=0.000014 mcu_task_stddev=0.000008 bytes_write=16036237 bytes_read=16441825 bytes_retransmit=9 bytes_invalid=0 send_seq=500315 receive_seq=500315 retransmit_seq=2 srtt=0.003 rttvar=0.000 rto=0.025 ready_bytes=0 upcoming_bytes=0 freq=71999142 heater_bed: target=60 temp=60.0 pwm=0.181  sysload=0.92 cputime=1727.073 memavail=6449476 print_time=23235.914 buffer_time=0.000 print_stall=0 extruder: target=0 temp=23.2 pwm=0.000
Stats 3985604.1: gcodein=0  mcu: mcu_awake=0.001 mcu_task_avg=0.000014 mcu_task_stddev=0.000008 bytes_write=16036243 bytes_read=16441931 bytes_retransmit=9 bytes_invalid=0 send_seq=500316 receive_seq=500316 retransmit_seq=2 srtt=0.003 rttvar=0.000 rto=0.025 ready_bytes=0 upcoming_bytes=0 freq=71999142 heater_bed: target=60 temp=60.0 pwm=0.181  sysload=0.92 cputime=1727.077 memavail=6423616 print_time=23235.914 buffer_time=0.000 print_stall=0 extruder: target=0 temp=23.2 pwm=0.000
Stats 3985605.1: gcodein=0  mcu: mcu_awake=0.001 mcu_task_avg=0.000014 mcu_task_stddev=0.000008 bytes_write=16036249 bytes_read=16442037 bytes_retransmit=9 bytes_invalid=0 send_seq=500317 receive_seq=500317 retransmit_seq=2 srtt=0.003 rttvar=0.000 rto=0.025 ready_bytes=0 upcoming_bytes=0 freq=71999143 heater_bed: target=60 temp=60.0 pwm=0.181  sysload=0.92 cputime=1727.081 memavail=6407488 print_time=23235.914 buffer_time=0.000 print_stall=0 extruder: target=0 temp=23.2 pwm=0.000
Stats 3985606.1: gcodein=0  mcu: mcu_awake=0.001 mcu_task_avg=0.000014 mcu_task_stddev=0.000008 bytes_write=16036301 bytes_read=16442188 bytes_retransmit=9 bytes_invalid=0 send_seq=500321 receive_seq=500321 retransmit_seq=2 srtt=0.003 rttvar=0.000 rto=0.025 ready_bytes=0 upcoming_bytes=0 freq=71999143 heater_bed: target=60 temp=60.0 pwm=0.266  sysload=0.92 cputime=1727.085 memavail=6392172 print_time=23235.914 buffer_time=0.000 print_stall=0 extruder: target=0 temp=23.2 pwm=0.000
Stats 3985607.1: gcodein=0  mcu: mcu_awake=0.001 mcu_task_avg=0.000014 mcu_task_stddev=0.000008 bytes_write=16036322 bytes_read=16442313 bytes_retransmit=9 bytes_invalid=0 send_seq=500323 receive_seq=500323 retransmit_seq=2 srtt=0.003 rttvar=0.000 rto=0.025 ready_bytes=0 upcoming_bytes=0 freq=71999145 heater_bed: target=60 temp=60.0 pwm=0.166  sysload=0.92 cputime=1727.090 memavail=6377892 print_time=23235.914 buffer_time=0.000 print_stall=0 extruder: target=0 temp=23.2 pwm=0.000
Stats 3985608.1: gcodein=0  mcu: mcu_awake=0.001 mcu_task_avg=0.000014 mcu_task_stddev=0.000008 bytes_write=16036358 bytes_read=16442429 bytes_retransmit=9 bytes_invalid=0 send_seq=500326 receive_seq=500326 retransmit_seq=2 srtt=0.003 rttvar=0.000 rto=0.025 ready_bytes=0 upcoming_bytes=0 freq=71999144 heater_bed: target=60 temp=60.0 pwm=0.168  sysload=0.92 cputime=1727.095 memavail=6513252 print_time=23235.914 buffer_time=0.000 print_stall=0 extruder: target=0 temp=23.2 pwm=0.000
Stats 3985609.1: gcodein=0  mcu: mcu_awake=0.001 mcu_task_avg=0.000014 mcu_task_stddev=0.000008 bytes_write=16036380 bytes_read=16442570 bytes_retransmit=9 bytes_invalid=0 send_seq=500328 receive_seq=500328 retransmit_seq=2 srtt=0.003 rttvar=0.000 rto=0.025 ready_bytes=0 upcoming_bytes=0 freq=71999143 heater_bed: target=60 temp=60.0 pwm=0.255  sysload=0.92 cputime=1727.099 memavail=6505580 print_time=23235.914 buffer_time=0.000 print_stall=0 extruder: target=0 temp=23.2 pwm=0.000
Stats 3985610.1: gcodein=0  mcu: mcu_awake=0.001 mcu_task_avg=0.000014 mcu_task_stddev=0.000008 bytes_write=16036416 bytes_read=16442686 bytes_retransmit=9 bytes_invalid=0 send_seq=500331 receive_seq=500331 retransmit_seq=2 srtt=0.003 rttvar=0.000 rto=0.025 ready_bytes=0 upcoming_bytes=0 freq=71999143 heater_bed: target=60 temp=60.0 pwm=0.085  sysload=0.92 cputime=1727.102 memavail=6488620 print_time=23235.914 buffer_time=0.000 print_stall=0 extruder: target=0 temp=23.3 pwm=0.000
Stats 3985611.1: gcodein=0  mcu: mcu_awake=0.001 mcu_task_avg=0.000014 mcu_task_stddev=0.000008 bytes_write=16036453 bytes_read=16442802 bytes_retransmit=9 bytes_invalid=0 send_seq=500334 receive_seq=500334 retransmit_seq=2 srtt=0.003 rttvar=0.000 rto=0.025 ready_bytes=0 upcoming_bytes=0 freq=71999143 heater_bed: target=60 temp=60.0 pwm=0.249  sysload=0.92 cputime=1727.106 memavail=6468824 print_time=23235.914 buffer_time=0.000 print_stall=0 extruder: target=0 temp=23.2 pwm=0.000
Stats 3985612.1: gcodein=0  mcu: mcu_awake=0.001 mcu_task_avg=0.000014 mcu_task_stddev=0.000008 bytes_write=16036489 bytes_read=16442962 bytes_retransmit=9 bytes_invalid=0 send_seq=500337 receive_seq=500337 retransmit_seq=2 srtt=0.003 rttvar=0.000 rto=0.025 ready_bytes=0 upcoming_bytes=0 freq=71999142 heater_bed: target=60 temp=60.0 pwm=0.213  sysload=0.93 cputime=1727.111 memavail=6449704 print_time=23235.914 buffer_time=0.000 print_stall=0 extruder: target=0 temp=23.3 pwm=0.000
Stats 3985613.1: gcodein=0  mcu: mcu_awake=0.001 mcu_task_avg=0.000014 mcu_task_stddev=0.000008 bytes_write=16036525 bytes_read=16443078 bytes_retransmit=9 bytes_invalid=0 send_seq=500340 receive_seq=500340 retransmit_seq=2 srtt=0.003 rttvar=0.000 rto=0.025 ready_bytes=0 upcoming_bytes=0 freq=71999142 heater_bed: target=60 temp=60.0 pwm=0.068  sysload=0.93 cputime=1727.116 memavail=6419628 print_time=23235.914 buffer_time=0.000 print_stall=0 extruder: target=0 temp=23.2 pwm=0.000
Stats 3985614.1: gcodein=0  mcu: mcu_awake=0.001 mcu_task_avg=0.000014 mcu_task_stddev=0.000008 bytes_write=16036562 bytes_read=16443194 bytes_retransmit=9 bytes_invalid=0 send_seq=500343 receive_seq=500343 retransmit_seq=2 srtt=0.003 rttvar=0.000 rto=0.025 ready_bytes=0 upcoming_bytes=0 freq=71999142 heater_bed: target=60 temp=60.0 pwm=0.265  sysload=0.93 cputime=1727.121 memavail=6405388 print_time=23235.914 buffer_time=0.000 print_stall=0 extruder: target=0 temp=23.2 pwm=0.000
Stats 3985615.1: gcodein=0  mcu: mcu_awake=0.001 mcu_task_avg=0.000014 mcu_task_stddev=0.000008 bytes_write=16036599 bytes_read=16443340 bytes_retransmit=9 bytes_invalid=0 send_seq=500346 receive_seq=500346 retransmit_seq=2 srtt=0.003 rttvar=0.000 rto=0.025 ready_bytes=0 upcoming_bytes=0 freq=71999141 heater_bed: target=60 temp=60.0 pwm=0.272  sysload=0.93 cputime=1727.125 memavail=6395676 print_time=23235.914 buffer_time=0.000 print_stall=0 extruder: target=0 temp=23.2 pwm=0.000
Stats 3985616.1: gcodein=0  mcu: mcu_awake=0.001 mcu_task_avg=0.000014 mcu_task_stddev=0.000008 bytes_write=16036636 bytes_read=16443456 bytes_retransmit=9 bytes_invalid=0 send_seq=500349 receive_seq=500349 retransmit_seq=2 srtt=0.003 rttvar=0.000 rto=0.025 ready_bytes=0 upcoming_bytes=0 freq=71999142 heater_bed: target=60 temp=60.0 pwm=0.240  sysload=0.93 cputime=1727.129 memavail=6378288 print_time=23235.914 buffer_time=0.000 print_stall=0 extruder: target=0 temp=23.2 pwm=0.000
Stats 3985617.1: gcodein=0  mcu: mcu_awake=0.001 mcu_task_avg=0.000014 mcu_task_stddev=0.000008 bytes_write=16036688 bytes_read=16443577 bytes_retransmit=9 bytes_invalid=0 send_seq=500353 receive_seq=500353 retransmit_seq=2 srtt=0.003 rttvar=0.000 rto=0.025 ready_bytes=0 upcoming_bytes=0 freq=71999142 heater_bed: target=60 temp=60.0 pwm=0.225  sysload=0.93 cputime=1727.133 memavail=6358196 print_time=23235.914 buffer_time=0.000 print_stall=0 extruder: target=0 temp=23.3 pwm=0.000
Stats 3985618.1: gcodein=0  mcu: mcu_awake=0.001 mcu_task_avg=0.000014 mcu_task_stddev=0.000008 bytes_write=16036725 bytes_read=16443737 bytes_retransmit=9 bytes_invalid=0 send_seq=500356 receive_seq=500356 retransmit_seq=2 srtt=0.002 rttvar=0.000 rto=0.025 ready_bytes=0 upcoming_bytes=0 freq=71999141 heater_bed: target=60 temp=60.0 pwm=0.143  sysload=0.93 cputime=1727.138 memavail=6493580 print_time=23235.914 buffer_time=0.000 print_stall=0 extruder: target=0 temp=23.2 pwm=0.000
Stats 3985619.1: gcodein=0  mcu: mcu_awake=0.001 mcu_task_avg=0.000014 mcu_task_stddev=0.000008 bytes_write=16036762 bytes_read=16443853 bytes_retransmit=9 bytes_invalid=0 send_seq=500359 receive_seq=500359 retransmit_seq=2 srtt=0.003 rttvar=0.000 rto=0.025 ready_bytes=0 upcoming_bytes=0 freq=71999141 heater_bed: target=60 temp=60.0 pwm=0.182  sysload=0.93 cputime=1727.142 memavail=6486608 print_time=23235.914 buffer_time=0.000 print_stall=0 extruder: target=0 temp=23.2 pwm=0.000
Stats 3985620.1: gcodein=0  mcu: mcu_awake=0.001 mcu_task_avg=0.000014 mcu_task_stddev=0.000008 bytes_write=16036768 bytes_read=16443959 bytes_retransmit=9 bytes_invalid=0 send_seq=500360 receive_seq=500360 retransmit_seq=2 srtt=0.003 rttvar=0.000 rto=0.025 ready_bytes=0 upcoming_bytes=0 freq=71999140 heater_bed: target=60 temp=60.0 pwm=0.182  sysload=0.93 cputime=1727.146 memavail=6474904 print_time=23235.914 buffer_time=0.000 print_stall=0 extruder: target=0 temp=23.2 pwm=0.000
Stats 3985621.1: gcodein=0  mcu: mcu_awake=0.001 mcu_task_avg=0.000014 mcu_task_stddev=0.000008 bytes_write=16036774 bytes_read=16444095 bytes_retransmit=9 bytes_invalid=0 send_seq=500361 receive_seq=500361 retransmit_seq=2 srtt=0.003 rttvar=0.000 rto=0.025 ready_bytes=0 upcoming_bytes=0 freq=71999149 heater_bed: target=60 temp=60.0 pwm=0.182  sysload=0.93 cputime=1727.151 memavail=6458372 print_time=23235.914 buffer_time=0.000 print_stall=0 extruder: target=0 temp=23.2 pwm=0.000
Stats 3985622.1: gcodein=0  mcu: mcu_awake=0.001 mcu_task_avg=0.000014 mcu_task_stddev=0.000008 bytes_write=16036780 bytes_read=16444201 bytes_retransmit=9 bytes_invalid=0 send_seq=500362 receive_seq=500362 retransmit_seq=2 srtt=0.003 rttvar=0.000 rto=0.025 ready_bytes=0 upcoming_bytes=0 freq=71999148 heater_bed: target=60 temp=60.0 pwm=0.182  sysload=0.86 cputime=1727.155 memavail=6445024 print_time=23235.914 buffer_time=0.000 print_stall=0 extruder: target=0 temp=23.3 pwm=0.000
Stats 3985623.1: gcodein=0  mcu: mcu_awake=0.001 mcu_task_avg=0.000014 mcu_task_stddev=0.000008 bytes_write=16036812 bytes_read=16444325 bytes_retransmit=9 bytes_invalid=0 send_seq=500364 receive_seq=500364 retransmit_seq=2 srtt=0.003 rttvar=0.000 rto=0.025 ready_bytes=0 upcoming_bytes=0 freq=71999148 heater_bed: target=60 temp=60.0 pwm=0.148  sysload=0.86 cputime=1727.159 memavail=6420536 print_time=23235.914 buffer_time=0.000 print_stall=0 extruder: target=0 temp=23.2 pwm=0.000
Stats 3985624.1: gcodein=0  mcu: mcu_awake=0.001 mcu_task_avg=0.000014 mcu_task_stddev=0.000008 bytes_write=16036849 bytes_read=16444471 bytes_retransmit=9 bytes_invalid=0 send_seq=500367 receive_seq=500367 retransmit_seq=2 srtt=0.003 rttvar=0.000 rto=0.025 ready_bytes=0 upcoming_bytes=0 freq=71999147 heater_bed: target=60 temp=60.0 pwm=0.246  sysload=0.86 cputime=1727.164 memavail=6405152 print_time=23235.914 buffer_time=0.000 print_stall=0 extruder: target=0 temp=23.2 pwm=0.000
Stats 3985625.1: gcodein=0  mcu: mcu_awake=0.001 mcu_task_avg=0.000014 mcu_task_stddev=0.000008 bytes_write=16036886 bytes_read=16444587 bytes_retransmit=9 bytes_invalid=0 send_seq=500370 receive_seq=500370 retransmit_seq=2 srtt=0.003 rttvar=0.000 rto=0.025 ready_bytes=0 upcoming_bytes=0 freq=71999146 heater_bed: target=60 temp=60.0 pwm=0.242  sysload=0.86 cputime=1727.167 memavail=6392076 print_time=23235.914 buffer_time=0.000 print_stall=0 extruder: target=0 temp=23.2 pwm=0.000
Stats 3985626.1: gcodein=0  mcu: mcu_awake=0.001 mcu_task_avg=0.000014 mcu_task_stddev=0.000008 bytes_write=16036907 bytes_read=16444698 bytes_retransmit=9 bytes_invalid=0 send_seq=500372 receive_seq=500372 retransmit_seq=2 srtt=0.003 rttvar=0.000 rto=0.025 ready_bytes=0 upcoming_bytes=0 freq=71999145 heater_bed: target=60 temp=60.0 pwm=0.182  sysload=0.86 cputime=1727.172 memavail=6374108 print_time=23235.914 buffer_time=0.000 print_stall=0 extruder: target=0 temp=23.2 pwm=0.000
Stats 3985627.1: gcodein=0  mcu: mcu_awake=0.001 mcu_task_avg=0.000014 mcu_task_stddev=0.000008 bytes_write=16036913 bytes_read=16444834 bytes_retransmit=9 bytes_invalid=0 send_seq=500373 receive_seq=500373 retransmit_seq=2 srtt=0.003 rttvar=0.000 rto=0.025 ready_bytes=0 upcoming_bytes=0 freq=71999144 heater_bed: target=60 temp=60.0 pwm=0.182  sysload=0.79 cputime=1727.177 memavail=6353684 print_time=23235.914 buffer_time=0.000 print_stall=0 extruder: target=0 temp=23.2 pwm=0.000
Stats 3985628.1: gcodein=0  mcu: mcu_awake=0.001 mcu_task_avg=0.000014 mcu_task_stddev=0.000009 bytes_write=16036965 bytes_read=16444969 bytes_retransmit=9 bytes_invalid=0 send_seq=500377 receive_seq=500377 retransmit_seq=2 srtt=0.003 rttvar=0.000 rto=0.025 ready_bytes=0 upcoming_bytes=0 freq=71999143 heater_bed: target=60 temp=60.0 pwm=0.105  sysload=0.79 cputime=1727.182 memavail=6481116 print_time=23235.914 buffer_time=0.000 print_stall=0 extruder: target=0 temp=23.2 pwm=0.000
Stats 3985629.1: gcodein=0  mcu: mcu_awake=0.001 mcu_task_avg=0.000014 mcu_task_stddev=0.000009 bytes_write=16036986 bytes_read=16445080 bytes_retransmit=9 bytes_invalid=0 send_seq=500379 receive_seq=500379 retransmit_seq=2 srtt=0.003 rttvar=0.000 rto=0.025 ready_bytes=0 upcoming_bytes=0 freq=71999143 heater_bed: target=60 temp=60.0 pwm=0.215  sysload=0.79 cputime=1727.186 memavail=6473176 print_time=23235.914 buffer_time=0.000 print_stall=0 extruder: target=0 temp=23.2 pwm=0.000
Stats 3985630.1: gcodein=0  mcu: mcu_awake=0.001 mcu_task_avg=0.000014 mcu_task_stddev=0.000009 bytes_write=16037007 bytes_read=16445221 bytes_retransmit=9 bytes_invalid=0 send_seq=500381 receive_seq=500381 retransmit_seq=2 srtt=0.003 rttvar=0.000 rto=0.025 ready_bytes=0 upcoming_bytes=0 freq=71999142 heater_bed: target=60 temp=60.0 pwm=0.140  sysload=0.79 cputime=1727.190 memavail=6464240 print_time=23235.914 buffer_time=0.000 print_stall=0 extruder: target=0 temp=23.2 pwm=0.000
Stats 3985631.1: gcodein=0  mcu: mcu_awake=0.001 mcu_task_avg=0.000014 mcu_task_stddev=0.000009 bytes_write=16037029 bytes_read=16445332 bytes_retransmit=9 bytes_invalid=0 send_seq=500383 receive_seq=500383 retransmit_seq=2 srtt=0.003 rttvar=0.000 rto=0.025 ready_bytes=0 upcoming_bytes=0 freq=71999142 heater_bed: target=60 temp=60.0 pwm=0.227  sysload=0.79 cputime=1727.194 memavail=6451416 print_time=23235.914 buffer_time=0.000 print_stall=0 extruder: target=0 temp=23.2 pwm=0.000
Stats 3985632.1: gcodein=0  mcu: mcu_awake=0.001 mcu_task_avg=0.000014 mcu_task_stddev=0.000009 bytes_write=16037071 bytes_read=16445464 bytes_retransmit=9 bytes_invalid=0 send_seq=500387 receive_seq=500387 retransmit_seq=2 srtt=0.003 rttvar=0.000 rto=0.025 ready_bytes=0 upcoming_bytes=0 freq=71999141 heater_bed: target=60 temp=60.0 pwm=0.185  sysload=0.89 cputime=1727.199 memavail=6423728 print_time=23235.914 buffer_time=0.000 print_stall=0 extruder: target=0 temp=23.2 pwm=0.000
Stats 3985633.1: gcodein=0  mcu: mcu_awake=0.001 mcu_task_avg=0.000014 mcu_task_stddev=0.000009 bytes_write=16037108 bytes_read=16445624 bytes_retransmit=9 bytes_invalid=0 send_seq=500390 receive_seq=500390 retransmit_seq=2 srtt=0.003 rttvar=0.000 rto=0.025 ready_bytes=0 upcoming_bytes=0 freq=71999140 heater_bed: target=60 temp=60.0 pwm=0.152  sysload=0.89 cputime=1727.204 memavail=6415412 print_time=23235.914 buffer_time=0.000 print_stall=0 extruder: target=0 temp=23.2 pwm=0.000
Stats 3985634.1: gcodein=0  mcu: mcu_awake=0.001 mcu_task_avg=0.000014 mcu_task_stddev=0.000009 bytes_write=16037130 bytes_read=16445735 bytes_retransmit=9 bytes_invalid=0 send_seq=500392 receive_seq=500392 retransmit_seq=2 srtt=0.003 rttvar=0.000 rto=0.025 ready_bytes=0 upcoming_bytes=0 freq=71999140 heater_bed: target=60 temp=60.0 pwm=0.232  sysload=0.89 cputime=1727.208 memavail=6400544 print_time=23235.914 buffer_time=0.000 print_stall=0 extruder: target=0 temp=23.2 pwm=0.000
Stats 3985635.1: gcodein=0  mcu: mcu_awake=0.001 mcu_task_avg=0.000014 mcu_task_stddev=0.000009 bytes_write=16037151 bytes_read=16445846 bytes_retransmit=9 bytes_invalid=0 send_seq=500394 receive_seq=500394 retransmit_seq=2 srtt=0.003 rttvar=0.000 rto=0.025 ready_bytes=0 upcoming_bytes=0 freq=71999140 heater_bed: target=60 temp=60.0 pwm=0.132  sysload=0.89 cputime=1727.212 memavail=6385928 print_time=23235.914 buffer_time=0.000 print_stall=0 extruder: target=0 temp=23.2 pwm=0.000
Stats 3985636.1: gcodein=0  mcu: mcu_awake=0.001 mcu_task_avg=0.000014 mcu_task_stddev=0.000009 bytes_write=16037173 bytes_read=16445987 bytes_retransmit=9 bytes_invalid=0 send_seq=500396 receive_seq=500396 retransmit_seq=2 srtt=0.003 rttvar=0.000 rto=0.025 ready_bytes=0 upcoming_bytes=0 freq=71999139 heater_bed: target=60 temp=60.0 pwm=0.222  sysload=0.89 cputime=1727.216 memavail=6367028 print_time=23235.914 buffer_time=0.000 print_stall=0 extruder: target=0 temp=23.2 pwm=0.000
Stats 3985637.1: gcodein=0  mcu: mcu_awake=0.001 mcu_task_avg=0.000014 mcu_task_stddev=0.000009 bytes_write=16037194 bytes_read=16446098 bytes_retransmit=9 bytes_invalid=0 send_seq=500398 receive_seq=500398 retransmit_seq=2 srtt=0.003 rttvar=0.000 rto=0.025 ready_bytes=0 upcoming_bytes=0 freq=71999140 heater_bed: target=60 temp=60.0 pwm=0.168  sysload=1.06 cputime=1727.220 memavail=6338640 print_time=23235.914 buffer_time=0.000 print_stall=0 extruder: target=0 temp=23.2 pwm=0.000
Stats 3985638.1: gcodein=0  mcu: mcu_awake=0.001 mcu_task_avg=0.000014 mcu_task_stddev=0.000008 bytes_write=16037216 bytes_read=16446223 bytes_retransmit=9 bytes_invalid=0 send_seq=500400 receive_seq=500400 retransmit_seq=2 srtt=0.003 rttvar=0.000 rto=0.025 ready_bytes=0 upcoming_bytes=0 freq=71999139 heater_bed: target=60 temp=60.0 pwm=0.222  sysload=1.06 cputime=1727.224 memavail=6565532 print_time=23235.914 buffer_time=0.000 print_stall=0 extruder: target=0 temp=23.2 pwm=0.000
Stats 3985639.1: gcodein=0  mcu: mcu_awake=0.001 mcu_task_avg=0.000014 mcu_task_stddev=0.000008 bytes_write=16037283 bytes_read=16446379 bytes_retransmit=9 bytes_invalid=0 send_seq=500405 receive_seq=500405 retransmit_seq=2 srtt=0.003 rttvar=0.000 rto=0.025 ready_bytes=0 upcoming_bytes=0 freq=71999139 heater_bed: target=60 temp=60.0 pwm=0.152  sysload=1.06 cputime=1727.229 memavail=6553028 print_time=23235.914 buffer_time=0.000 print_stall=0 extruder: target=0 temp=23.3 pwm=0.000
Stats 3985640.1: gcodein=0  mcu: mcu_awake=0.001 mcu_task_avg=0.000014 mcu_task_stddev=0.000008 bytes_write=16037305 bytes_read=16446490 bytes_retransmit=9 bytes_invalid=0 send_seq=500407 receive_seq=500407 retransmit_seq=2 srtt=0.003 rttvar=0.001 rto=0.025 ready_bytes=0 upcoming_bytes=0 freq=71999138 heater_bed: target=60 temp=60.0 pwm=0.269  sysload=1.06 cputime=1727.233 memavail=6547352 print_time=23235.914 buffer_time=0.000 print_stall=0 extruder: target=0 temp=23.1 pwm=0.000
Stats 3985641.1: gcodein=0  mcu: mcu_awake=0.001 mcu_task_avg=0.000014 mcu_task_stddev=0.000008 bytes_write=16037341 bytes_read=16446606 bytes_retransmit=9 bytes_invalid=0 send_seq=500410 receive_seq=500410 retransmit_seq=2 srtt=0.003 rttvar=0.000 rto=0.025 ready_bytes=0 upcoming_bytes=0 freq=71999138 heater_bed: target=60 temp=60.0 pwm=0.120  sysload=1.06 cputime=1727.238 memavail=6527596 print_time=23235.914 buffer_time=0.000 print_stall=0 extruder: target=0 temp=23.3 pwm=0.000
Stats 3985642.1: gcodein=0  mcu: mcu_awake=0.001 mcu_task_avg=0.000014 mcu_task_stddev=0.000008 bytes_write=16037378 bytes_read=16446752 bytes_retransmit=9 bytes_invalid=0 send_seq=500413 receive_seq=500413 retransmit_seq=2 srtt=0.003 rttvar=0.000 rto=0.025 ready_bytes=0 upcoming_bytes=0 freq=71999138 heater_bed: target=60 temp=60.0 pwm=0.233  sysload=1.13 cputime=1727.242 memavail=6509588 print_time=23235.914 buffer_time=0.000 print_stall=0 extruder: target=0 temp=23.2 pwm=0.000
Stats 3985643.1: gcodein=0  mcu: mcu_awake=0.001 mcu_task_avg=0.000014 mcu_task_stddev=0.000008 bytes_write=16037394 bytes_read=16446872 bytes_retransmit=9 bytes_invalid=0 send_seq=500414 receive_seq=500414 retransmit_seq=2 srtt=0.003 rttvar=0.000 rto=0.025 ready_bytes=0 upcoming_bytes=0 freq=71999138 heater_bed: target=60 temp=60.0 pwm=0.176  sysload=1.13 cputime=1727.246 memavail=6496236 print_time=23235.914 buffer_time=0.000 print_stall=0 extruder: target=0 temp=23.2 pwm=0.000
Stats 3985644.1: gcodein=0  mcu: mcu_awake=0.001 mcu_task_avg=0.000014 mcu_task_stddev=0.000008 bytes_write=16037430 bytes_read=16446988 bytes_retransmit=9 bytes_invalid=0 send_seq=500417 receive_seq=500417 retransmit_seq=2 srtt=0.003 rttvar=0.000 rto=0.025 ready_bytes=0 upcoming_bytes=0 freq=71999138 heater_bed: target=60 temp=60.0 pwm=0.216  sysload=1.13 cputime=1727.250 memavail=6479272 print_time=23235.914 buffer_time=0.000 print_stall=0 extruder: target=0 temp=23.2 pwm=0.000
Stats 3985645.1: gcodein=0  mcu: mcu_awake=0.001 mcu_task_avg=0.000014 mcu_task_stddev=0.000008 bytes_write=16037451 bytes_read=16447129 bytes_retransmit=9 bytes_invalid=0 send_seq=500419 receive_seq=500419 retransmit_seq=2 srtt=0.003 rttvar=0.000 rto=0.025 ready_bytes=0 upcoming_bytes=0 freq=71999138 heater_bed: target=60 temp=60.0 pwm=0.166  sysload=1.13 cputime=1727.254 memavail=6459868 print_time=23235.914 buffer_time=0.000 print_stall=0 extruder: target=0 temp=23.2 pwm=0.000
Stats 3985646.1: gcodein=0  mcu: mcu_awake=0.001 mcu_task_avg=0.000014 mcu_task_stddev=0.000008 bytes_write=16037488 bytes_read=16447245 bytes_retransmit=9 bytes_invalid=0 send_seq=500422 receive_seq=500422 retransmit_seq=2 srtt=0.003 rttvar=0.000 rto=0.025 ready_bytes=0 upcoming_bytes=0 freq=71999137 heater_bed: target=60 temp=60.0 pwm=0.170  sysload=1.13 cputime=1727.259 memavail=6428128 print_time=23235.914 buffer_time=0.000 print_stall=0 extruder: target=0 temp=23.2 pwm=0.000
Stats 3985647.1: gcodein=0  mcu: mcu_awake=0.001 mcu_task_avg=0.000014 mcu_task_stddev=0.000008 bytes_write=16037494 bytes_read=16447363 bytes_retransmit=9 bytes_invalid=0 send_seq=500423 receive_seq=500423 retransmit_seq=2 srtt=0.003 rttvar=0.000 rto=0.025 ready_bytes=0 upcoming_bytes=0 freq=71999137 heater_bed: target=60 temp=60.0 pwm=0.170  sysload=1.04 cputime=1727.263 memavail=6419332 print_time=23235.914 buffer_time=0.000 print_stall=0 extruder: target=0 temp=23.2 pwm=0.000
Stats 3985648.1: gcodein=0  mcu: mcu_awake=0.001 mcu_task_avg=0.000014 mcu_task_stddev=0.000009 bytes_write=16037532 bytes_read=16447499 bytes_retransmit=9 bytes_invalid=0 send_seq=500426 receive_seq=500426 retransmit_seq=2 srtt=0.003 rttvar=0.000 rto=0.025 ready_bytes=0 upcoming_bytes=0 freq=71999137 heater_bed: target=60 temp=60.0 pwm=0.239  sysload=1.04 cputime=1727.267 memavail=6557580 print_time=23235.914 buffer_time=0.000 print_stall=0 extruder: target=0 temp=23.3 pwm=0.000
Stats 3985649.1: gcodein=0  mcu: mcu_awake=0.001 mcu_task_avg=0.000014 mcu_task_stddev=0.000009 bytes_write=16037583 bytes_read=16447613 bytes_retransmit=9 bytes_invalid=0 send_seq=500430 receive_seq=500430 retransmit_seq=2 srtt=0.003 rttvar=0.000 rto=0.025 ready_bytes=0 upcoming_bytes=0 freq=71999137 heater_bed: target=60 temp=60.0 pwm=0.089  sysload=1.04 cputime=1727.271 memavail=6549388 print_time=23235.914 buffer_time=0.000 print_stall=0 extruder: target=0 temp=23.2 pwm=0.000
Stats 3985650.1: gcodein=0  mcu: mcu_awake=0.001 mcu_task_avg=0.000014 mcu_task_stddev=0.000009 bytes_write=16037605 bytes_read=16447731 bytes_retransmit=9 bytes_invalid=0 send_seq=500432 receive_seq=500432 retransmit_seq=2 srtt=0.003 rttvar=0.000 rto=0.025 ready_bytes=10 upcoming_bytes=0 freq=71999136 heater_bed: target=60 temp=60.0 pwm=0.146  sysload=1.04 cputime=1727.275 memavail=6535084 print_time=23235.914 buffer_time=0.000 print_stall=0 extruder: target=0 temp=23.2 pwm=0.000
Stats 3985651.1: gcodein=0  mcu: mcu_awake=0.001 mcu_task_avg=0.000014 mcu_task_stddev=0.000009 bytes_write=16037656 bytes_read=16447865 bytes_retransmit=9 bytes_invalid=0 send_seq=500436 receive_seq=500436 retransmit_seq=2 srtt=0.003 rttvar=0.000 rto=0.025 ready_bytes=0 upcoming_bytes=0 freq=71999136 heater_bed: target=60 temp=60.0 pwm=0.171  sysload=1.04 cputime=1727.279 memavail=6510820 print_time=23235.914 buffer_time=0.000 print_stall=0 extruder: target=0 temp=23.2 pwm=0.000
Stats 3985652.1: gcodein=0  mcu: mcu_awake=0.001 mcu_task_avg=0.000014 mcu_task_stddev=0.000009 bytes_write=16037678 bytes_read=16447976 bytes_retransmit=9 bytes_invalid=0 send_seq=500438 receive_seq=500438 retransmit_seq=2 srtt=0.003 rttvar=0.000 rto=0.025 ready_bytes=0 upcoming_bytes=0 freq=71999136 heater_bed: target=60 temp=60.0 pwm=0.238  sysload=0.96 cputime=1727.284 memavail=6498500 print_time=23235.914 buffer_time=0.000 print_stall=0 extruder: target=0 temp=23.2 pwm=0.000
Stats 3985653.1: gcodein=0  mcu: mcu_awake=0.001 mcu_task_avg=0.000015 mcu_task_stddev=0.000008 bytes_write=16037699 bytes_read=16448116 bytes_retransmit=9 bytes_invalid=0 send_seq=500440 receive_seq=500440 retransmit_seq=2 srtt=0.003 rttvar=0.000 rto=0.025 ready_bytes=10 upcoming_bytes=0 freq=71999135 heater_bed: target=60 temp=60.0 pwm=0.206  sysload=0.96 cputime=1727.287 memavail=6483380 print_time=23235.914 buffer_time=0.000 print_stall=0 extruder: target=0 temp=23.2 pwm=0.000
Stats 3985654.1: gcodein=0  mcu: mcu_awake=0.001 mcu_task_avg=0.000015 mcu_task_stddev=0.000008 bytes_write=16037736 bytes_read=16448247 bytes_retransmit=9 bytes_invalid=0 send_seq=500443 receive_seq=500443 retransmit_seq=2 srtt=0.003 rttvar=0.000 rto=0.025 ready_bytes=0 upcoming_bytes=0 freq=71999136 heater_bed: target=60 temp=60.0 pwm=0.272  sysload=0.96 cputime=1727.292 memavail=6468012 print_time=23235.914 buffer_time=0.000 print_stall=0 extruder: target=0 temp=23.2 pwm=0.000
Stats 3985655.1: gcodein=0  mcu: mcu_awake=0.001 mcu_task_avg=0.000015 mcu_task_stddev=0.000008 bytes_write=16037757 bytes_read=16448358 bytes_retransmit=9 bytes_invalid=0 send_seq=500445 receive_seq=500445 retransmit_seq=2 srtt=0.003 rttvar=0.000 rto=0.025 ready_bytes=0 upcoming_bytes=0 freq=71999136 heater_bed: target=60 temp=60.0 pwm=0.138  sysload=0.96 cputime=1727.296 memavail=6428648 print_time=23235.914 buffer_time=0.000 print_stall=0 extruder: target=0 temp=23.2 pwm=0.000
Stats 3985656.1: gcodein=0  mcu: mcu_awake=0.001 mcu_task_avg=0.000015 mcu_task_stddev=0.000008 bytes_write=16037763 bytes_read=16448479 bytes_retransmit=9 bytes_invalid=0 send_seq=500446 receive_seq=500446 retransmit_seq=2 srtt=0.003 rttvar=0.000 rto=0.025 ready_bytes=11 upcoming_bytes=0 freq=71999135 heater_bed: target=60 temp=60.0 pwm=0.279  sysload=0.96 cputime=1727.300 memavail=6421244 print_time=23235.914 buffer_time=0.000 print_stall=0 extruder: target=0 temp=23.2 pwm=0.000
Stats 3985657.1: gcodein=0  mcu: mcu_awake=0.001 mcu_task_avg=0.000015 mcu_task_stddev=0.000008 bytes_write=16037815 bytes_read=16448615 bytes_retransmit=9 bytes_invalid=0 send_seq=500450 receive_seq=500450 retransmit_seq=2 srtt=0.003 rttvar=0.000 rto=0.025 ready_bytes=0 upcoming_bytes=0 freq=71999134 heater_bed: target=60 temp=60.0 pwm=0.097  sysload=1.04 cputime=1727.305 memavail=6406124 print_time=23235.914 buffer_time=0.000 print_stall=0 extruder: target=0 temp=23.2 pwm=0.000
Stats 3985658.1: gcodein=0  mcu: mcu_awake=0.001 mcu_task_avg=0.000014 mcu_task_stddev=0.000008 bytes_write=16037837 bytes_read=16448740 bytes_retransmit=9 bytes_invalid=0 send_seq=500452 receive_seq=500452 retransmit_seq=2 srtt=0.003 rttvar=0.000 rto=0.025 ready_bytes=0 upcoming_bytes=0 freq=71999135 heater_bed: target=60 temp=60.0 pwm=0.240  sysload=1.04 cputime=1727.310 memavail=6546828 print_time=23235.914 buffer_time=0.000 print_stall=0 extruder: target=0 temp=23.2 pwm=0.000
Stats 3985659.1: gcodein=0  mcu: mcu_awake=0.001 mcu_task_avg=0.000014 mcu_task_stddev=0.000008 bytes_write=16037858 bytes_read=16448866 bytes_retransmit=9 bytes_invalid=0 send_seq=500454 receive_seq=500454 retransmit_seq=2 srtt=0.003 rttvar=0.000 rto=0.025 ready_bytes=0 upcoming_bytes=0 freq=71999135 heater_bed: target=60 temp=60.0 pwm=0.142  sysload=1.04 cputime=1727.314 memavail=6538400 print_time=23235.914 buffer_time=0.000 print_stall=0 extruder: target=0 temp=23.3 pwm=0.000
Stats 3985660.1: gcodein=0  mcu: mcu_awake=0.001 mcu_task_avg=0.000014 mcu_task_stddev=0.000008 bytes_write=16037879 bytes_read=16448992 bytes_retransmit=9 bytes_invalid=0 send_seq=500456 receive_seq=500456 retransmit_seq=2 srtt=0.003 rttvar=0.000 rto=0.025 ready_bytes=0 upcoming_bytes=0 freq=71999135 heater_bed: target=60 temp=60.0 pwm=0.194  sysload=1.04 cputime=1727.319 memavail=6516280 print_time=23235.914 buffer_time=0.000 print_stall=0 extruder: target=0 temp=23.2 pwm=0.000
Stats 3985661.1: gcodein=0  mcu: mcu_awake=0.001 mcu_task_avg=0.000014 mcu_task_stddev=0.000008 bytes_write=16037910 bytes_read=16449103 bytes_retransmit=9 bytes_invalid=0 send_seq=500458 receive_seq=500458 retransmit_seq=2 srtt=0.003 rttvar=0.000 rto=0.025 ready_bytes=0 upcoming_bytes=0 freq=71999135 heater_bed: target=60 temp=60.0 pwm=0.184  sysload=1.04 cputime=1727.324 memavail=6518440 print_time=23235.914 buffer_time=0.000 print_stall=0 extruder: target=0 temp=23.2 pwm=0.000
Stats 3985662.1: gcodein=0  mcu: mcu_awake=0.001 mcu_task_avg=0.000014 mcu_task_stddev=0.000008 bytes_write=16037947 bytes_read=16449234 bytes_retransmit=9 bytes_invalid=0 send_seq=500461 receive_seq=500461 retransmit_seq=2 srtt=0.003 rttvar=0.000 rto=0.025 ready_bytes=0 upcoming_bytes=0 freq=71999135 heater_bed: target=60 temp=60.0 pwm=0.166  sysload=1.04 cputime=1727.328 memavail=6501296 print_time=23235.914 buffer_time=0.000 print_stall=0 extruder: target=0 temp=23.2 pwm=0.000
Stats 3985663.1: gcodein=0  mcu: mcu_awake=0.001 mcu_task_avg=0.000014 mcu_task_stddev=0.000008 bytes_write=16037969 bytes_read=16449374 bytes_retransmit=9 bytes_invalid=0 send_seq=500463 receive_seq=500463 retransmit_seq=2 srtt=0.003 rttvar=0.000 rto=0.025 ready_bytes=0 upcoming_bytes=0 freq=71999136 heater_bed: target=60 temp=60.0 pwm=0.219  sysload=1.04 cputime=1727.333 memavail=6488256 print_time=23235.914 buffer_time=0.000 print_stall=0 extruder: target=0 temp=23.2 pwm=0.000
Stats 3985664.1: gcodein=0  mcu: mcu_awake=0.001 mcu_task_avg=0.000014 mcu_task_stddev=0.000008 bytes_write=16037990 bytes_read=16449485 bytes_retransmit=9 bytes_invalid=0 send_seq=500465 receive_seq=500465 retransmit_seq=2 srtt=0.003 rttvar=0.000 rto=0.025 ready_bytes=0 upcoming_bytes=0 freq=71999135 heater_bed: target=60 temp=60.0 pwm=0.134  sysload=1.04 cputime=1727.337 memavail=6468852 print_time=23235.914 buffer_time=0.000 print_stall=0 extruder: target=0 temp=23.2 pwm=0.000
Stats 3985665.1: gcodein=0  mcu: mcu_awake=0.001 mcu_task_avg=0.000014 mcu_task_stddev=0.000008 bytes_write=16038011 bytes_read=16449611 bytes_retransmit=9 bytes_invalid=0 send_seq=500467 receive_seq=500467 retransmit_seq=2 srtt=0.003 rttvar=0.000 rto=0.025 ready_bytes=0 upcoming_bytes=0 freq=71999135 heater_bed: target=60 temp=60.0 pwm=0.202  sysload=1.04 cputime=1727.341 memavail=6439520 print_time=23235.914 buffer_time=0.000 print_stall=0 extruder: target=0 temp=23.2 pwm=0.000
Stats 3985666.1: gcodein=0  mcu: mcu_awake=0.001 mcu_task_avg=0.000014 mcu_task_stddev=0.000008 bytes_write=16038017 bytes_read=16449732 bytes_retransmit=9 bytes_invalid=0 send_seq=500468 receive_seq=500468 retransmit_seq=2 srtt=0.003 rttvar=0.000 rto=0.025 ready_bytes=0 upcoming_bytes=0 freq=71999135 heater_bed: target=60 temp=60.0 pwm=0.202  sysload=1.04 cputime=1727.345 memavail=6427172 print_time=23235.914 buffer_time=0.000 print_stall=0 extruder: target=0 temp=23.2 pwm=0.000
Stats 3985667.1: gcodein=0  mcu: mcu_awake=0.001 mcu_task_avg=0.000014 mcu_task_stddev=0.000008 bytes_write=16038023 bytes_read=16449838 bytes_retransmit=9 bytes_invalid=0 send_seq=500469 receive_seq=500469 retransmit_seq=2 srtt=0.003 rttvar=0.000 rto=0.025 ready_bytes=0 upcoming_bytes=0 freq=71999135 heater_bed: target=60 temp=60.0 pwm=0.202  sysload=0.96 cputime=1727.349 memavail=6414936 print_time=23235.914 buffer_time=0.000 print_stall=0 extruder: target=0 temp=23.2 pwm=0.000
Stats 3985668.1: gcodein=0  mcu: mcu_awake=0.001 mcu_task_avg=0.000014 mcu_task_stddev=0.000008 bytes_write=16038044 bytes_read=16449977 bytes_retransmit=9 bytes_invalid=0 send_seq=500471 receive_seq=500471 retransmit_seq=2 srtt=0.003 rttvar=0.000 rto=0.025 ready_bytes=10 upcoming_bytes=0 freq=71999135 heater_bed: target=60 temp=60.0 pwm=0.208  sysload=0.96 cputime=1727.353 memavail=6542948 print_time=23235.914 buffer_time=0.000 print_stall=0 extruder: target=0 temp=23.2 pwm=0.000
Stats 3985669.1: gcodein=0  mcu: mcu_awake=0.001 mcu_task_avg=0.000014 mcu_task_stddev=0.000008 bytes_write=16038111 bytes_read=16450118 bytes_retransmit=9 bytes_invalid=0 send_seq=500476 receive_seq=500476 retransmit_seq=2 srtt=0.003 rttvar=0.000 rto=0.025 ready_bytes=0 upcoming_bytes=0 freq=71999134 heater_bed: target=60 temp=60.0 pwm=0.167  sysload=0.96 cputime=1727.358 memavail=6536140 print_time=23235.914 buffer_time=0.000 print_stall=0 extruder: target=0 temp=23.2 pwm=0.000
Stats 3985670.1: gcodein=0  mcu: mcu_awake=0.001 mcu_task_avg=0.000014 mcu_task_stddev=0.000008 bytes_write=16038117 bytes_read=16450224 bytes_retransmit=9 bytes_invalid=0 send_seq=500477 receive_seq=500477 retransmit_seq=2 srtt=0.003 rttvar=0.000 rto=0.025 ready_bytes=0 upcoming_bytes=0 freq=71999134 heater_bed: target=60 temp=60.0 pwm=0.167  sysload=0.96 cputime=1727.362 memavail=6517348 print_time=23235.914 buffer_time=0.000 print_stall=0 extruder: target=0 temp=23.2 pwm=0.000
Stats 3985671.1: gcodein=0  mcu: mcu_awake=0.001 mcu_task_avg=0.000014 mcu_task_stddev=0.000008 bytes_write=16038139 bytes_read=16450350 bytes_retransmit=9 bytes_invalid=0 send_seq=500479 receive_seq=500479 retransmit_seq=2 srtt=0.003 rttvar=0.000 rto=0.025 ready_bytes=0 upcoming_bytes=0 freq=71999135 heater_bed: target=60 temp=60.0 pwm=0.239  sysload=0.96 cputime=1727.366 memavail=6507328 print_time=23235.914 buffer_time=0.000 print_stall=0 extruder: target=0 temp=23.2 pwm=0.000
Stats 3985672.1: gcodein=0  mcu: mcu_awake=0.001 mcu_task_avg=0.000014 mcu_task_stddev=0.000008 bytes_write=16038191 bytes_read=16450486 bytes_retransmit=9 bytes_invalid=0 send_seq=500483 receive_seq=500483 retransmit_seq=2 srtt=0.003 rttvar=0.000 rto=0.025 ready_bytes=0 upcoming_bytes=0 freq=71999134 heater_bed: target=60 temp=60.0 pwm=0.111  sysload=0.88 cputime=1727.370 memavail=6494784 print_time=23235.914 buffer_time=0.000 print_stall=0 extruder: target=0 temp=23.2 pwm=0.000
Stats 3985673.1: gcodein=0  mcu: mcu_awake=0.001 mcu_task_avg=0.000014 mcu_task_stddev=0.000008 bytes_write=16038212 bytes_read=16450611 bytes_retransmit=9 bytes_invalid=0 send_seq=500485 receive_seq=500485 retransmit_seq=2 srtt=0.003 rttvar=0.000 rto=0.025 ready_bytes=0 upcoming_bytes=0 freq=71999134 heater_bed: target=60 temp=60.0 pwm=0.218  sysload=0.88 cputime=1727.375 memavail=6475468 print_time=23235.914 buffer_time=0.000 print_stall=0 extruder: target=0 temp=23.2 pwm=0.000
Stats 3985674.1: gcodein=0  mcu: mcu_awake=0.001 mcu_task_avg=0.000014 mcu_task_stddev=0.000008 bytes_write=16038233 bytes_read=16450737 bytes_retransmit=9 bytes_invalid=0 send_seq=500487 receive_seq=500487 retransmit_seq=2 srtt=0.003 rttvar=0.000 rto=0.025 ready_bytes=0 upcoming_bytes=0 freq=71999134 heater_bed: target=60 temp=60.0 pwm=0.120  sysload=0.88 cputime=1727.379 memavail=6435360 print_time=23235.914 buffer_time=0.000 print_stall=0 extruder: target=0 temp=23.2 pwm=0.000
Stats 3985675.1: gcodein=0  mcu: mcu_awake=0.001 mcu_task_avg=0.000014 mcu_task_stddev=0.000008 bytes_write=16038265 bytes_read=16450863 bytes_retransmit=9 bytes_invalid=0 send_seq=500489 receive_seq=500489 retransmit_seq=2 srtt=0.003 rttvar=0.000 rto=0.025 ready_bytes=0 upcoming_bytes=0 freq=71999135 heater_bed: target=60 temp=60.0 pwm=0.154  sysload=0.88 cputime=1727.384 memavail=6425056 print_time=23235.914 buffer_time=0.000 print_stall=0 extruder: target=0 temp=23.2 pwm=0.000
Stats 3985676.1: gcodein=0  mcu: mcu_awake=0.001 mcu_task_avg=0.000014 mcu_task_stddev=0.000008 bytes_write=16038287 bytes_read=16450974 bytes_retransmit=9 bytes_invalid=0 send_seq=500491 receive_seq=500491 retransmit_seq=2 srtt=0.003 rttvar=0.000 rto=0.025 ready_bytes=0 upcoming_bytes=0 freq=71999135 heater_bed: target=60 temp=60.0 pwm=0.234  sysload=0.88 cputime=1727.388 memavail=6412960 print_time=23235.914 buffer_time=0.000 print_stall=0 extruder: target=0 temp=23.2 pwm=0.000
Stats 3985677.1: gcodein=0  mcu: mcu_awake=0.001 mcu_task_avg=0.000014 mcu_task_stddev=0.000008 bytes_write=16038308 bytes_read=16451100 bytes_retransmit=9 bytes_invalid=0 send_seq=500493 receive_seq=500493 retransmit_seq=2 srtt=0.003 rttvar=0.000 rto=0.025 ready_bytes=11 upcoming_bytes=0 freq=71999135 heater_bed: target=60 temp=60.0 pwm=0.239  sysload=0.81 cputime=1727.392 memavail=6399100 print_time=23235.914 buffer_time=0.000 print_stall=0 extruder: target=0 temp=23.2 pwm=0.000
Stats 3985678.1: gcodein=0  mcu: mcu_awake=0.001 mcu_task_avg=0.000014 mcu_task_stddev=0.000008 bytes_write=16038345 bytes_read=16451231 bytes_retransmit=9 bytes_invalid=0 send_seq=500496 receive_seq=500496 retransmit_seq=2 srtt=0.003 rttvar=0.000 rto=0.025 ready_bytes=0 upcoming_bytes=0 freq=71999137 heater_bed: target=60 temp=60.0 pwm=0.140  sysload=0.81 cputime=1727.397 memavail=6536592 print_time=23235.914 buffer_time=0.000 print_stall=0 extruder: target=0 temp=23.2 pwm=0.000
Stats 3985679.1: gcodein=0  mcu: mcu_awake=0.001 mcu_task_avg=0.000014 mcu_task_stddev=0.000008 bytes_write=16038351 bytes_read=16451351 bytes_retransmit=9 bytes_invalid=0 send_seq=500497 receive_seq=500497 retransmit_seq=2 srtt=0.003 rttvar=0.000 rto=0.025 ready_bytes=0 upcoming_bytes=0 freq=71999137 heater_bed: target=60 temp=60.0 pwm=0.140  sysload=0.81 cputime=1727.401 memavail=6513476 print_time=23235.914 buffer_time=0.000 print_stall=0 extruder: target=0 temp=23.2 pwm=0.000
Stats 3985680.1: gcodein=0  mcu: mcu_awake=0.001 mcu_task_avg=0.000014 mcu_task_stddev=0.000008 bytes_write=16038388 bytes_read=16451482 bytes_retransmit=9 bytes_invalid=0 send_seq=500500 receive_seq=500500 retransmit_seq=2 srtt=0.003 rttvar=0.000 rto=0.025 ready_bytes=11 upcoming_bytes=0 freq=71999137 heater_bed: target=60 temp=60.0 pwm=0.230  sysload=0.81 cputime=1727.405 memavail=6506792 print_time=23235.914 buffer_time=0.000 print_stall=0 extruder: target=0 temp=23.2 pwm=0.000
Stats 3985681.1: gcodein=0  mcu: mcu_awake=0.001 mcu_task_avg=0.000014 mcu_task_stddev=0.000008 bytes_write=16038440 bytes_read=16451618 bytes_retransmit=9 bytes_invalid=0 send_seq=500504 receive_seq=500504 retransmit_seq=2 srtt=0.003 rttvar=0.000 rto=0.025 ready_bytes=0 upcoming_bytes=0 freq=71999137 heater_bed: target=60 temp=60.0 pwm=0.199  sysload=0.81 cputime=1727.409 memavail=6491252 print_time=23235.914 buffer_time=0.000 print_stall=0 extruder: target=0 temp=23.2 pwm=0.000
Stats 3985682.1: gcodein=0  mcu: mcu_awake=0.001 mcu_task_avg=0.000014 mcu_task_stddev=0.000008 bytes_write=16038461 bytes_read=16451729 bytes_retransmit=9 bytes_invalid=0 send_seq=500506 receive_seq=500506 retransmit_seq=2 srtt=0.003 rttvar=0.000 rto=0.025 ready_bytes=0 upcoming_bytes=0 freq=71999136 heater_bed: target=60 temp=60.0 pwm=0.139  sysload=0.74 cputime=1727.413 memavail=6476216 print_time=23235.914 buffer_time=0.000 print_stall=0 extruder: target=0 temp=23.2 pwm=0.000
Stats 3985683.1: gcodein=0  mcu: mcu_awake=0.001 mcu_task_avg=0.000014 mcu_task_stddev=0.000008 bytes_write=16038483 bytes_read=16451855 bytes_retransmit=9 bytes_invalid=0 send_seq=500508 receive_seq=500508 retransmit_seq=2 srtt=0.003 rttvar=0.000 rto=0.025 ready_bytes=0 upcoming_bytes=0 freq=71999137 heater_bed: target=60 temp=60.0 pwm=0.226  sysload=0.74 cputime=1727.417 memavail=6456632 print_time=23235.914 buffer_time=0.000 print_stall=0 extruder: target=0 temp=23.2 pwm=0.000
Stats 3985684.1: gcodein=0  mcu: mcu_awake=0.001 mcu_task_avg=0.000014 mcu_task_stddev=0.000008 bytes_write=16038519 bytes_read=16452000 bytes_retransmit=9 bytes_invalid=0 send_seq=500511 receive_seq=500511 retransmit_seq=2 srtt=0.003 rttvar=0.000 rto=0.025 ready_bytes=0 upcoming_bytes=0 freq=71999137 heater_bed: target=60 temp=60.0 pwm=0.205  sysload=0.74 cputime=1727.422 memavail=6431320 print_time=23235.914 buffer_time=0.000 print_stall=0 extruder: target=0 temp=23.2 pwm=0.000
Stats 3985685.1: gcodein=0  mcu: mcu_awake=0.001 mcu_task_avg=0.000014 mcu_task_stddev=0.000008 bytes_write=16038525 bytes_read=16452106 bytes_retransmit=9 bytes_invalid=0 send_seq=500512 receive_seq=500512 retransmit_seq=2 srtt=0.003 rttvar=0.000 rto=0.025 ready_bytes=0 upcoming_bytes=0 freq=71999136 heater_bed: target=60 temp=60.0 pwm=0.205  sysload=0.74 cputime=1727.426 memavail=6412672 print_time=23235.914 buffer_time=0.000 print_stall=0 extruder: target=0 temp=23.2 pwm=0.000
Stats 3985686.1: gcodein=0  mcu: mcu_awake=0.001 mcu_task_avg=0.000014 mcu_task_stddev=0.000008 bytes_write=16038546 bytes_read=16452232 bytes_retransmit=9 bytes_invalid=0 send_seq=500514 receive_seq=500514 retransmit_seq=2 srtt=0.003 rttvar=0.000 rto=0.025 ready_bytes=0 upcoming_bytes=0 freq=71999136 heater_bed: target=60 temp=60.0 pwm=0.127  sysload=0.74 cputime=1727.430 memavail=6401112 print_time=23235.914 buffer_time=0.000 print_stall=0 extruder: target=0 temp=23.2 pwm=0.000
Stats 3985687.1: gcodein=0  mcu: mcu_awake=0.001 mcu_task_avg=0.000014 mcu_task_stddev=0.000008 bytes_write=16038567 bytes_read=16452358 bytes_retransmit=9 bytes_invalid=0 send_seq=500516 receive_seq=500516 retransmit_seq=2 srtt=0.003 rttvar=0.000 rto=0.025 ready_bytes=0 upcoming_bytes=0 freq=71999136 heater_bed: target=60 temp=60.0 pwm=0.193  sysload=0.76 cputime=1727.434 memavail=6386804 print_time=23235.914 buffer_time=0.000 print_stall=0 extruder: target=0 temp=23.2 pwm=0.000
Stats 3985688.1: gcodein=0  mcu: mcu_awake=0.001 mcu_task_avg=0.000014 mcu_task_stddev=0.000008 bytes_write=16038573 bytes_read=16452464 bytes_retransmit=9 bytes_invalid=0 send_seq=500517 receive_seq=500517 retransmit_seq=2 srtt=0.003 rttvar=0.000 rto=0.025 ready_bytes=0 upcoming_bytes=0 freq=71999135 heater_bed: target=60 temp=60.0 pwm=0.193  sysload=0.76 cputime=1727.438 memavail=6505036 print_time=23235.914 buffer_time=0.000 print_stall=0 extruder: target=0 temp=23.2 pwm=0.000
Stats 3985689.1: gcodein=0  mcu: mcu_awake=0.001 mcu_task_avg=0.000014 mcu_task_stddev=0.000008 bytes_write=16038610 bytes_read=16452608 bytes_retransmit=9 bytes_invalid=0 send_seq=500520 receive_seq=500520 retransmit_seq=2 srtt=0.003 rttvar=0.000 rto=0.025 ready_bytes=0 upcoming_bytes=0 freq=71999135 heater_bed: target=60 temp=60.0 pwm=0.221  sysload=0.76 cputime=1727.443 memavail=6500132 print_time=23235.914 buffer_time=0.000 print_stall=0 extruder: target=0 temp=23.2 pwm=0.000
Stats 3985690.1: gcodein=0  mcu: mcu_awake=0.001 mcu_task_avg=0.000014 mcu_task_stddev=0.000008 bytes_write=16038646 bytes_read=16452739 bytes_retransmit=9 bytes_invalid=0 send_seq=500523 receive_seq=500523 retransmit_seq=2 srtt=0.003 rttvar=0.000 rto=0.025 ready_bytes=0 upcoming_bytes=0 freq=71999136 heater_bed: target=60 temp=60.0 pwm=0.210  sysload=0.76 cputime=1727.448 memavail=6494588 print_time=23235.914 buffer_time=0.000 print_stall=0 extruder: target=0 temp=23.2 pwm=0.000
Stats 3985691.1: gcodein=0  mcu: mcu_awake=0.001 mcu_task_avg=0.000014 mcu_task_stddev=0.000008 bytes_write=16038652 bytes_read=16452845 bytes_retransmit=9 bytes_invalid=0 send_seq=500524 receive_seq=500524 retransmit_seq=2 srtt=0.003 rttvar=0.000 rto=0.025 ready_bytes=0 upcoming_bytes=0 freq=71999135 heater_bed: target=60 temp=60.0 pwm=0.210  sysload=0.76 cputime=1727.452 memavail=6482016 print_time=23235.914 buffer_time=0.000 print_stall=0 extruder: target=0 temp=23.2 pwm=0.000
Stats 3985692.1: gcodein=0  mcu: mcu_awake=0.001 mcu_task_avg=0.000014 mcu_task_stddev=0.000008 bytes_write=16038673 bytes_read=16452971 bytes_retransmit=9 bytes_invalid=0 send_seq=500526 receive_seq=500526 retransmit_seq=2 srtt=0.003 rttvar=0.000 rto=0.025 ready_bytes=0 upcoming_bytes=0 freq=71999136 heater_bed: target=60 temp=60.0 pwm=0.120  sysload=0.78 cputime=1727.456 memavail=6464796 print_time=23235.914 buffer_time=0.000 print_stall=0 extruder: target=0 temp=23.2 pwm=0.000
Stats 3985693.1: gcodein=0  mcu: mcu_awake=0.001 mcu_task_avg=0.000014 mcu_task_stddev=0.000008 bytes_write=16038710 bytes_read=16453102 bytes_retransmit=9 bytes_invalid=0 send_seq=500529 receive_seq=500529 retransmit_seq=2 srtt=0.003 rttvar=0.000 rto=0.025 ready_bytes=0 upcoming_bytes=0 freq=71999135 heater_bed: target=60 temp=60.0 pwm=0.246  sysload=0.78 cputime=1727.461 memavail=6427616 print_time=23235.914 buffer_time=0.000 print_stall=0 extruder: target=0 temp=23.2 pwm=0.000
Stats 3985694.1: gcodein=0  mcu: mcu_awake=0.001 mcu_task_avg=0.000014 mcu_task_stddev=0.000008 bytes_write=16038737 bytes_read=16453243 bytes_retransmit=9 bytes_invalid=0 send_seq=500532 receive_seq=500532 retransmit_seq=2 srtt=0.003 rttvar=0.000 rto=0.025 ready_bytes=0 upcoming_bytes=0 freq=71999135 heater_bed: target=60 temp=60.0 pwm=0.161  sysload=0.78 cputime=1727.465 memavail=6406736 print_time=23235.914 buffer_time=0.000 print_stall=0 extruder: target=0 temp=23.2 pwm=0.000
Stats 3985695.1: gcodein=0  mcu: mcu_awake=0.001 mcu_task_avg=0.000014 mcu_task_stddev=0.000008 bytes_write=16038773 bytes_read=16453374 bytes_retransmit=9 bytes_invalid=0 send_seq=500535 receive_seq=500535 retransmit_seq=2 srtt=0.003 rttvar=0.000 rto=0.025 ready_bytes=0 upcoming_bytes=0 freq=71999134 heater_bed: target=60 temp=60.0 pwm=0.169  sysload=0.78 cputime=1727.469 memavail=6400564 print_time=23235.914 buffer_time=0.000 print_stall=0 extruder: target=0 temp=23.2 pwm=0.000
Stats 3985696.1: gcodein=0  mcu: mcu_awake=0.001 mcu_task_avg=0.000014 mcu_task_stddev=0.000008 bytes_write=16038810 bytes_read=16453505 bytes_retransmit=9 bytes_invalid=0 send_seq=500538 receive_seq=500538 retransmit_seq=2 srtt=0.003 rttvar=0.000 rto=0.025 ready_bytes=0 upcoming_bytes=0 freq=71999136 heater_bed: target=60 temp=60.0 pwm=0.190  sysload=0.78 cputime=1727.474 memavail=6387488 print_time=23235.914 buffer_time=0.000 print_stall=0 extruder: target=0 temp=23.2 pwm=0.000
Stats 3985697.1: gcodein=0  mcu: mcu_awake=0.001 mcu_task_avg=0.000014 mcu_task_stddev=0.000008 bytes_write=16038831 bytes_read=16453616 bytes_retransmit=9 bytes_invalid=0 send_seq=500540 receive_seq=500540 retransmit_seq=2 srtt=0.003 rttvar=0.000 rto=0.025 ready_bytes=0 upcoming_bytes=0 freq=71999136 heater_bed: target=60 temp=60.0 pwm=0.117  sysload=0.72 cputime=1727.478 memavail=6371952 print_time=23235.914 buffer_time=0.000 print_stall=0 extruder: target=0 temp=23.2 pwm=0.000
Stats 3985698.1: gcodein=0  mcu: mcu_awake=0.001 mcu_task_avg=0.000014 mcu_task_stddev=0.000008 bytes_write=16038853 bytes_read=16453742 bytes_retransmit=9 bytes_invalid=0 send_seq=500542 receive_seq=500542 retransmit_seq=2 srtt=0.003 rttvar=0.000 rto=0.025 ready_bytes=10 upcoming_bytes=0 freq=71999136 heater_bed: target=60 temp=60.0 pwm=0.128  sysload=0.72 cputime=1727.482 memavail=6513780 print_time=23235.914 buffer_time=0.000 print_stall=0 extruder: target=0 temp=23.2 pwm=0.000
Stats 3985699.1: gcodein=0  mcu: mcu_awake=0.001 mcu_task_avg=0.000014 mcu_task_stddev=0.000008 bytes_write=16038905 bytes_read=16453892 bytes_retransmit=9 bytes_invalid=0 send_seq=500546 receive_seq=500546 retransmit_seq=2 srtt=0.003 rttvar=0.000 rto=0.025 ready_bytes=0 upcoming_bytes=0 freq=71999136 heater_bed: target=60 temp=60.0 pwm=0.120  sysload=0.72 cputime=1727.487 memavail=6508824 print_time=23235.914 buffer_time=0.000 print_stall=0 extruder: target=0 temp=23.2 pwm=0.000
Stats 3985700.1: gcodein=0  mcu: mcu_awake=0.001 mcu_task_avg=0.000014 mcu_task_stddev=0.000008 bytes_write=16038926 bytes_read=16454003 bytes_retransmit=9 bytes_invalid=0 send_seq=500548 receive_seq=500548 retransmit_seq=2 srtt=0.003 rttvar=0.000 rto=0.025 ready_bytes=0 upcoming_bytes=0 freq=71999135 heater_bed: target=60 temp=60.0 pwm=0.204  sysload=0.72 cputime=1727.491 memavail=6490288 print_time=23235.914 buffer_time=0.000 print_stall=0 extruder: target=0 temp=23.2 pwm=0.000
Stats 3985701.1: gcodein=0  mcu: mcu_awake=0.001 mcu_task_avg=0.000014 mcu_task_stddev=0.000008 bytes_write=16038963 bytes_read=16454134 bytes_retransmit=9 bytes_invalid=0 send_seq=500551 receive_seq=500551 retransmit_seq=2 srtt=0.003 rttvar=0.000 rto=0.025 ready_bytes=8 upcoming_bytes=0 freq=71999136 heater_bed: target=0 temp=60.0 pwm=0.000  sysload=0.72 cputime=1727.496 memavail=6473584 print_time=123235.364 buffer_time=0.124 print_stall=0 extruder: target=0 temp=23.2 pwm=0.000
Stats 3985702.1: gcodein=0  mcu: mcu_awake=0.001 mcu_task_avg=0.000014 mcu_task_stddev=0.000008 bytes_write=16038982 bytes_read=16454260 bytes_retransmit=9 bytes_invalid=0 send_seq=500553 receive_seq=500553 retransmit_seq=2 srtt=0.003 rttvar=0.000 rto=0.025 ready_bytes=0 upcoming_bytes=0 freq=71999135 heater_bed: target=0 temp=60.0 pwm=0.000  sysload=0.90 cputime=1727.501 memavail=6452064 print_time=123235.364 buffer_time=0.000 print_stall=0 extruder: target=0 temp=23.2 pwm=0.000
Stats 3985703.1: gcodein=0  mcu: mcu_awake=0.001 mcu_task_avg=0.000014 mcu_task_stddev=0.000008 bytes_write=16038988 bytes_read=16454366 bytes_retransmit=9 bytes_invalid=0 send_seq=500554 receive_seq=500554 retransmit_seq=2 srtt=0.003 rttvar=0.000 rto=0.025 ready_bytes=0 upcoming_bytes=0 freq=71999136 heater_bed: target=0 temp=59.9 pwm=0.000  sysload=0.90 cputime=1727.505 memavail=6429780 print_time=123235.364 buffer_time=0.000 print_stall=0 extruder: target=0 temp=23.2 pwm=0.000
Stats 3985704.1: gcodein=0  mcu: mcu_awake=0.001 mcu_task_avg=0.000014 mcu_task_stddev=0.000008 bytes_write=16038994 bytes_read=16454501 bytes_retransmit=9 bytes_invalid=0 send_seq=500555 receive_seq=500555 retransmit_seq=2 srtt=0.003 rttvar=0.000 rto=0.025 ready_bytes=0 upcoming_bytes=0 freq=71999135 heater_bed: target=0 temp=59.9 pwm=0.000  sysload=0.90 cputime=1727.509 memavail=6416256 print_time=123235.364 buffer_time=0.000 print_stall=0 extruder: target=0 temp=23.2 pwm=0.000
Stats 3985705.1: gcodein=0  mcu: mcu_awake=0.001 mcu_task_avg=0.000014 mcu_task_stddev=0.000008 bytes_write=16039000 bytes_read=16454622 bytes_retransmit=9 bytes_invalid=0 send_seq=500556 receive_seq=500556 retransmit_seq=2 srtt=0.003 rttvar=0.000 rto=0.025 ready_bytes=0 upcoming_bytes=0 freq=71999135 heater_bed: target=0 temp=59.8 pwm=0.000  sysload=0.90 cputime=1727.513 memavail=6398436 print_time=123235.364 buffer_time=0.000 print_stall=0 extruder: target=0 temp=23.2 pwm=0.000
Stats 3985706.1: gcodein=0  mcu: mcu_awake=0.001 mcu_task_avg=0.000014 mcu_task_stddev=0.000008 bytes_write=16039006 bytes_read=16454728 bytes_retransmit=9 bytes_invalid=0 send_seq=500557 receive_seq=500557 retransmit_seq=2 srtt=0.003 rttvar=0.000 rto=0.025 ready_bytes=0 upcoming_bytes=0 freq=71999134 heater_bed: target=0 temp=59.8 pwm=0.000  sysload=0.90 cputime=1727.517 memavail=6379284 print_time=123235.364 buffer_time=0.000 print_stall=0 extruder: target=0 temp=23.2 pwm=0.000
Stats 3985707.1: gcodein=0  mcu: mcu_awake=0.001 mcu_task_avg=0.000014 mcu_task_stddev=0.000008 bytes_write=16039012 bytes_read=16454843 bytes_retransmit=9 bytes_invalid=0 send_seq=500558 receive_seq=500558 retransmit_seq=2 srtt=0.003 rttvar=0.000 rto=0.025 ready_bytes=0 upcoming_bytes=0 freq=71999134 heater_bed: target=0 temp=59.7 pwm=0.000  sysload=0.91 cputime=1727.523 memavail=6345768 print_time=123235.364 buffer_time=0.000 print_stall=0 extruder: target=0 temp=23.2 pwm=0.000
Stats 3985708.1: gcodein=0  mcu: mcu_awake=0.001 mcu_task_avg=0.000014 mcu_task_stddev=0.000008 bytes_write=16039018 bytes_read=16454956 bytes_retransmit=9 bytes_invalid=0 send_seq=500559 receive_seq=500559 retransmit_seq=2 srtt=0.003 rttvar=0.000 rto=0.025 ready_bytes=0 upcoming_bytes=0 freq=71999134 heater_bed: target=0 temp=59.6 pwm=0.000  sysload=0.91 cputime=1727.527 memavail=6484636 print_time=123235.364 buffer_time=0.000 print_stall=0 extruder: target=0 temp=23.2 pwm=0.000
Stats 3985709.1: gcodein=0  mcu: mcu_awake=0.001 mcu_task_avg=0.000013 mcu_task_stddev=0.000008 bytes_write=16039024 bytes_read=16455068 bytes_retransmit=9 bytes_invalid=0 send_seq=500560 receive_seq=500560 retransmit_seq=2 srtt=0.003 rttvar=0.000 rto=0.025 ready_bytes=0 upcoming_bytes=0 freq=71999134 heater_bed: target=0 temp=59.6 pwm=0.000  sysload=0.91 cputime=1727.531 memavail=6476936 print_time=123235.364 buffer_time=0.000 print_stall=0 extruder: target=0 temp=23.2 pwm=0.000
Stats 3985710.1: gcodein=0  mcu: mcu_awake=0.001 mcu_task_avg=0.000013 mcu_task_stddev=0.000008 bytes_write=16039030 bytes_read=16455182 bytes_retransmit=9 bytes_invalid=0 send_seq=500561 receive_seq=500561 retransmit_seq=2 srtt=0.003 rttvar=0.000 rto=0.025 ready_bytes=0 upcoming_bytes=0 freq=71999134 heater_bed: target=0 temp=59.5 pwm=0.000  sysload=0.91 cputime=1727.534 memavail=6465160 print_time=123235.364 buffer_time=0.000 print_stall=0 extruder: target=0 temp=23.2 pwm=0.000
Stats 3985711.1: gcodein=0  mcu: mcu_awake=0.001 mcu_task_avg=0.000013 mcu_task_stddev=0.000008 bytes_write=16039036 bytes_read=16455303 bytes_retransmit=9 bytes_invalid=0 send_seq=500562 receive_seq=500562 retransmit_seq=2 srtt=0.003 rttvar=0.000 rto=0.025 ready_bytes=0 upcoming_bytes=0 freq=71999135 heater_bed: target=0 temp=59.4 pwm=0.000  sysload=0.91 cputime=1727.538 memavail=6452596 print_time=123235.364 buffer_time=0.000 print_stall=0 extruder: target=0 temp=23.2 pwm=0.000
Stats 3985712.1: gcodein=0  mcu: mcu_awake=0.001 mcu_task_avg=0.000013 mcu_task_stddev=0.000008 bytes_write=16039042 bytes_read=16455409 bytes_retransmit=9 bytes_invalid=0 send_seq=500563 receive_seq=500563 retransmit_seq=2 srtt=0.003 rttvar=0.000 rto=0.025 ready_bytes=0 upcoming_bytes=0 freq=71999135 heater_bed: target=0 temp=59.4 pwm=0.000  sysload=0.92 cputime=1727.543 memavail=6423488 print_time=123235.364 buffer_time=0.000 print_stall=0 extruder: target=0 temp=23.2 pwm=0.000
Stats 3985713.1: gcodein=0  mcu: mcu_awake=0.001 mcu_task_avg=0.000013 mcu_task_stddev=0.000008 bytes_write=16039048 bytes_read=16455530 bytes_retransmit=9 bytes_invalid=0 send_seq=500564 receive_seq=500564 retransmit_seq=2 srtt=0.003 rttvar=0.000 rto=0.025 ready_bytes=0 upcoming_bytes=0 freq=71999135 heater_bed: target=0 temp=59.3 pwm=0.000  sysload=0.92 cputime=1727.547 memavail=6411764 print_time=123235.364 buffer_time=0.000 print_stall=0 extruder: target=0 temp=23.2 pwm=0.000
Stats 3985714.1: gcodein=0  mcu: mcu_awake=0.001 mcu_task_avg=0.000013 mcu_task_stddev=0.000008 bytes_write=16039054 bytes_read=16455664 bytes_retransmit=9 bytes_invalid=0 send_seq=500565 receive_seq=500565 retransmit_seq=2 srtt=0.003 rttvar=0.000 rto=0.025 ready_bytes=0 upcoming_bytes=0 freq=71999134 heater_bed: target=0 temp=59.2 pwm=0.000  sysload=0.92 cputime=1727.551 memavail=6399416 print_time=123235.364 buffer_time=0.000 print_stall=0 extruder: target=0 temp=23.2 pwm=0.000
Stats 3985715.1: gcodein=0  mcu: mcu_awake=0.001 mcu_task_avg=0.000013 mcu_task_stddev=0.000008 bytes_write=16039060 bytes_read=16455770 bytes_retransmit=9 bytes_invalid=0 send_seq=500566 receive_seq=500566 retransmit_seq=2 srtt=0.003 rttvar=0.000 rto=0.025 ready_bytes=0 upcoming_bytes=0 freq=71999136 heater_bed: target=0 temp=59.2 pwm=0.000  sysload=0.92 cputime=1727.555 memavail=6382532 print_time=123235.364 buffer_time=0.000 print_stall=0 extruder: target=0 temp=23.2 pwm=0.000
Stats 3985716.1: gcodein=0  mcu: mcu_awake=0.001 mcu_task_avg=0.000013 mcu_task_stddev=0.000008 bytes_write=16039066 bytes_read=16455891 bytes_retransmit=9 bytes_invalid=0 send_seq=500567 receive_seq=500567 retransmit_seq=2 srtt=0.003 rttvar=0.000 rto=0.025 ready_bytes=0 upcoming_bytes=0 freq=71999135 heater_bed: target=0 temp=59.1 pwm=0.000  sysload=0.92 cputime=1727.559 memavail=6355604 print_time=123235.364 buffer_time=0.000 print_stall=0 extruder: target=0 temp=23.2 pwm=0.000
Stats 3985717.1: gcodein=0  mcu: mcu_awake=0.001 mcu_task_avg=0.000013 mcu_task_stddev=0.000008 bytes_write=16039072 bytes_read=16456012 bytes_retransmit=9 bytes_invalid=0 send_seq=500568 receive_seq=500568 retransmit_seq=2 srtt=0.003 rttvar=0.000 rto=0.025 ready_bytes=0 upcoming_bytes=0 freq=71999135 heater_bed: target=0 temp=59.0 pwm=0.000  sysload=0.92 cputime=1727.562 memavail=6341972 print_time=123235.364 buffer_time=0.000 print_stall=0 extruder: target=0 temp=23.2 pwm=0.000
Stats 3985718.1: gcodein=0  mcu: mcu_awake=0.001 mcu_task_avg=0.000013 mcu_task_stddev=0.000008 bytes_write=16039078 bytes_read=16456118 bytes_retransmit=9 bytes_invalid=0 send_seq=500569 receive_seq=500569 retransmit_seq=2 srtt=0.003 rttvar=0.000 rto=0.025 ready_bytes=0 upcoming_bytes=0 freq=71999136 heater_bed: target=0 temp=58.9 pwm=0.000  sysload=0.92 cputime=1727.566 memavail=6558468 print_time=123235.364 buffer_time=0.000 print_stall=0 extruder: target=0 temp=23.2 pwm=0.000
Stats 3985719.1: gcodein=0  mcu: mcu_awake=0.001 mcu_task_avg=0.000014 mcu_task_stddev=0.000009 bytes_write=16039084 bytes_read=16456252 bytes_retransmit=9 bytes_invalid=0 send_seq=500570 receive_seq=500570 retransmit_seq=2 srtt=0.003 rttvar=0.000 rto=0.025 ready_bytes=0 upcoming_bytes=0 freq=71999136 heater_bed: target=0 temp=58.8 pwm=0.000  sysload=0.92 cputime=1727.570 memavail=6550152 print_time=123235.364 buffer_time=0.000 print_stall=0 extruder: target=0 temp=23.2 pwm=0.000
Stats 3985720.1: gcodein=0  mcu: mcu_awake=0.001 mcu_task_avg=0.000014 mcu_task_stddev=0.000009 bytes_write=16039090 bytes_read=16456373 bytes_retransmit=9 bytes_invalid=0 send_seq=500571 receive_seq=500571 retransmit_seq=2 srtt=0.003 rttvar=0.000 rto=0.025 ready_bytes=0 upcoming_bytes=0 freq=71999136 heater_bed: target=0 temp=58.8 pwm=0.000  sysload=0.92 cputime=1727.574 memavail=6535988 print_time=123235.364 buffer_time=0.000 print_stall=0 extruder: target=0 temp=23.2 pwm=0.000
Stats 3985721.1: gcodein=0  mcu: mcu_awake=0.001 mcu_task_avg=0.000014 mcu_task_stddev=0.000009 bytes_write=16039096 bytes_read=16456479 bytes_retransmit=9 bytes_invalid=0 send_seq=500572 receive_seq=500572 retransmit_seq=2 srtt=0.003 rttvar=0.000 rto=0.025 ready_bytes=0 upcoming_bytes=0 freq=71999136 heater_bed: target=0 temp=58.8 pwm=0.000  sysload=0.92 cputime=1727.578 memavail=6513032 print_time=123235.364 buffer_time=0.000 print_stall=0 extruder: target=0 temp=23.2 pwm=0.000
Stats 3985722.1: gcodein=0  mcu: mcu_awake=0.001 mcu_task_avg=0.000014 mcu_task_stddev=0.000009 bytes_write=16039102 bytes_read=16456600 bytes_retransmit=9 bytes_invalid=0 send_seq=500573 receive_seq=500573 retransmit_seq=2 srtt=0.003 rttvar=0.000 rto=0.025 ready_bytes=0 upcoming_bytes=0 freq=71999135 heater_bed: target=0 temp=58.7 pwm=0.000  sysload=0.85 cputime=1727.582 memavail=6503188 print_time=123235.364 buffer_time=0.000 print_stall=0 extruder: target=0 temp=23.2 pwm=0.000
Stats 3985723.1: gcodein=0  mcu: mcu_awake=0.001 mcu_task_avg=0.000014 mcu_task_stddev=0.000009 bytes_write=16039108 bytes_read=16456721 bytes_retransmit=9 bytes_invalid=0 send_seq=500574 receive_seq=500574 retransmit_seq=2 srtt=0.003 rttvar=0.000 rto=0.025 ready_bytes=0 upcoming_bytes=0 freq=71999135 heater_bed: target=0 temp=58.6 pwm=0.000  sysload=0.85 cputime=1727.586 memavail=6489420 print_time=123235.364 buffer_time=0.000 print_stall=0 extruder: target=0 temp=23.2 pwm=0.000
Stats 3985724.1: gcodein=0  mcu: mcu_awake=0.001 mcu_task_avg=0.000013 mcu_task_stddev=0.000008 bytes_write=16039114 bytes_read=16456840 bytes_retransmit=9 bytes_invalid=0 send_seq=500575 receive_seq=500575 retransmit_seq=2 srtt=0.003 rttvar=0.000 rto=0.025 ready_bytes=0 upcoming_bytes=0 freq=71999135 heater_bed: target=0 temp=58.6 pwm=0.000  sysload=0.85 cputime=1727.590 memavail=6470376 print_time=123235.364 buffer_time=0.000 print_stall=0 extruder: target=0 temp=23.2 pwm=0.000
Stats 3985725.1: gcodein=0  mcu: mcu_awake=0.001 mcu_task_avg=0.000013 mcu_task_stddev=0.000008 bytes_write=16039120 bytes_read=16456961 bytes_retransmit=9 bytes_invalid=0 send_seq=500576 receive_seq=500576 retransmit_seq=2 srtt=0.003 rttvar=0.000 rto=0.025 ready_bytes=0 upcoming_bytes=0 freq=71999135 heater_bed: target=0 temp=58.5 pwm=0.000  sysload=0.85 cputime=1727.595 memavail=6453048 print_time=123235.364 buffer_time=0.000 print_stall=0 extruder: target=0 temp=23.2 pwm=0.000
Stats 3985726.1: gcodein=0  mcu: mcu_awake=0.001 mcu_task_avg=0.000013 mcu_task_stddev=0.000008 bytes_write=16039126 bytes_read=16457082 bytes_retransmit=9 bytes_invalid=0 send_seq=500577 receive_seq=500577 retransmit_seq=2 srtt=0.003 rttvar=0.000 rto=0.025 ready_bytes=0 upcoming_bytes=0 freq=71999135 heater_bed: target=0 temp=58.4 pwm=0.000  sysload=0.85 cputime=1727.599 memavail=6427768 print_time=123235.364 buffer_time=0.000 print_stall=0 extruder: target=0 temp=23.2 pwm=0.000
Stats 3985727.1: gcodein=0  mcu: mcu_awake=0.001 mcu_task_avg=0.000013 mcu_task_stddev=0.000008 bytes_write=16039132 bytes_read=16457188 bytes_retransmit=9 bytes_invalid=0 send_seq=500578 receive_seq=500578 retransmit_seq=2 srtt=0.003 rttvar=0.000 rto=0.025 ready_bytes=0 upcoming_bytes=0 freq=71999134 heater_bed: target=0 temp=58.4 pwm=0.000  sysload=0.78 cputime=1727.603 memavail=6431228 print_time=123235.364 buffer_time=0.000 print_stall=0 extruder: target=0 temp=23.2 pwm=0.000
Stats 3985728.1: gcodein=0  mcu: mcu_awake=0.001 mcu_task_avg=0.000013 mcu_task_stddev=0.000008 bytes_write=16039138 bytes_read=16457309 bytes_retransmit=9 bytes_invalid=0 send_seq=500579 receive_seq=500579 retransmit_seq=2 srtt=0.003 rttvar=0.000 rto=0.025 ready_bytes=0 upcoming_bytes=0 freq=71999134 heater_bed: target=0 temp=58.3 pwm=0.000  sysload=0.78 cputime=1727.607 memavail=6551068 print_time=123235.364 buffer_time=0.000 print_stall=0 extruder: target=0 temp=23.2 pwm=0.000
Stats 3985729.1: gcodein=0  mcu: mcu_awake=0.001 mcu_task_avg=0.000013 mcu_task_stddev=0.000008 bytes_write=16039144 bytes_read=16457443 bytes_retransmit=9 bytes_invalid=0 send_seq=500580 receive_seq=500580 retransmit_seq=2 srtt=0.003 rttvar=0.000 rto=0.025 ready_bytes=0 upcoming_bytes=0 freq=71999134 heater_bed: target=0 temp=58.2 pwm=0.000  sysload=0.78 cputime=1727.612 memavail=6550128 print_time=123235.364 buffer_time=0.000 print_stall=0 extruder: target=0 temp=23.2 pwm=0.000
Stats 3985730.1: gcodein=0  mcu: mcu_awake=0.001 mcu_task_avg=0.000013 mcu_task_stddev=0.000008 bytes_write=16039150 bytes_read=16457549 bytes_retransmit=9 bytes_invalid=0 send_seq=500581 receive_seq=500581 retransmit_seq=2 srtt=0.003 rttvar=0.000 rto=0.025 ready_bytes=0 upcoming_bytes=0 freq=71999134 heater_bed: target=0 temp=58.2 pwm=0.000  sysload=0.78 cputime=1727.616 memavail=6529496 print_time=123235.364 buffer_time=0.000 print_stall=0 extruder: target=0 temp=23.2 pwm=0.000
Stats 3985731.1: gcodein=0  mcu: mcu_awake=0.001 mcu_task_avg=0.000013 mcu_task_stddev=0.000008 bytes_write=16039156 bytes_read=16457670 bytes_retransmit=9 bytes_invalid=0 send_seq=500582 receive_seq=500582 retransmit_seq=2 srtt=0.003 rttvar=0.000 rto=0.025 ready_bytes=0 upcoming_bytes=0 freq=71999134 heater_bed: target=0 temp=58.1 pwm=0.000  sysload=0.78 cputime=1727.620 memavail=6514304 print_time=123235.364 buffer_time=0.000 print_stall=0 extruder: target=0 temp=23.2 pwm=0.000
Stats 3985732.1: gcodein=0  mcu: mcu_awake=0.001 mcu_task_avg=0.000013 mcu_task_stddev=0.000008 bytes_write=16039162 bytes_read=16457791 bytes_retransmit=9 bytes_invalid=0 send_seq=500583 receive_seq=500583 retransmit_seq=2 srtt=0.003 rttvar=0.000 rto=0.025 ready_bytes=0 upcoming_bytes=0 freq=71999134 heater_bed: target=0 temp=58.0 pwm=0.000  sysload=0.80 cputime=1727.624 memavail=6503104 print_time=123235.364 buffer_time=0.000 print_stall=0 extruder: target=0 temp=23.2 pwm=0.000
Stats 3985733.1: gcodein=0  mcu: mcu_awake=0.001 mcu_task_avg=0.000013 mcu_task_stddev=0.000008 bytes_write=16039168 bytes_read=16457897 bytes_retransmit=9 bytes_invalid=0 send_seq=500584 receive_seq=500584 retransmit_seq=2 srtt=0.003 rttvar=0.000 rto=0.025 ready_bytes=0 upcoming_bytes=0 freq=71999134 heater_bed: target=0 temp=58.0 pwm=0.000  sysload=0.80 cputime=1727.628 memavail=6489308 print_time=123235.364 buffer_time=0.000 print_stall=0 extruder: target=0 temp=23.2 pwm=0.000
Stats 3985734.1: gcodein=0  mcu: mcu_awake=0.001 mcu_task_avg=0.000013 mcu_task_stddev=0.000008 bytes_write=16039174 bytes_read=16458031 bytes_retransmit=9 bytes_invalid=0 send_seq=500585 receive_seq=500585 retransmit_seq=2 srtt=0.003 rttvar=0.000 rto=0.025 ready_bytes=0 upcoming_bytes=0 freq=71999133 heater_bed: target=0 temp=57.9 pwm=0.000  sysload=0.80 cputime=1727.631 memavail=6470996 print_time=123235.364 buffer_time=0.000 print_stall=0 extruder: target=0 temp=23.2 pwm=0.000
Stats 3985735.1: gcodein=0  mcu: mcu_awake=0.001 mcu_task_avg=0.000013 mcu_task_stddev=0.000008 bytes_write=16039180 bytes_read=16458152 bytes_retransmit=9 bytes_invalid=0 send_seq=500586 receive_seq=500586 retransmit_seq=2 srtt=0.003 rttvar=0.000 rto=0.025 ready_bytes=0 upcoming_bytes=0 freq=71999134 heater_bed: target=0 temp=57.9 pwm=0.000  sysload=0.80 cputime=1727.636 memavail=6441036 print_time=123235.364 buffer_time=0.000 print_stall=0 extruder: target=0 temp=23.2 pwm=0.000
Stats 3985736.1: gcodein=0  mcu: mcu_awake=0.001 mcu_task_avg=0.000013 mcu_task_stddev=0.000008 bytes_write=16039186 bytes_read=16458258 bytes_retransmit=9 bytes_invalid=0 send_seq=500587 receive_seq=500587 retransmit_seq=2 srtt=0.003 rttvar=0.000 rto=0.025 ready_bytes=0 upcoming_bytes=0 freq=71999134 heater_bed: target=0 temp=57.8 pwm=0.000  sysload=0.80 cputime=1727.640 memavail=6432536 print_time=123235.364 buffer_time=0.000 print_stall=0 extruder: target=0 temp=23.2 pwm=0.000
Stats 3985737.1: gcodein=0  mcu: mcu_awake=0.001 mcu_task_avg=0.000013 mcu_task_stddev=0.000008 bytes_write=16039192 bytes_read=16458379 bytes_retransmit=9 bytes_invalid=0 send_seq=500588 receive_seq=500588 retransmit_seq=2 srtt=0.003 rttvar=0.000 rto=0.025 ready_bytes=0 upcoming_bytes=0 freq=71999134 heater_bed: target=0 temp=57.7 pwm=0.000  sysload=0.82 cputime=1727.644 memavail=6421448 print_time=123235.364 buffer_time=0.000 print_stall=0 extruder: target=0 temp=23.2 pwm=0.000
Stats 3985738.2: gcodein=0  mcu: mcu_awake=0.001 mcu_task_avg=0.000013 mcu_task_stddev=0.000008 bytes_write=16039198 bytes_read=16458500 bytes_retransmit=9 bytes_invalid=0 send_seq=500589 receive_seq=500589 retransmit_seq=2 srtt=0.003 rttvar=0.000 rto=0.025 ready_bytes=0 upcoming_bytes=0 freq=71999134 heater_bed: target=0 temp=57.7 pwm=0.000  sysload=0.82 cputime=1727.649 memavail=6555380 print_time=123235.364 buffer_time=0.000 print_stall=0 extruder: target=0 temp=23.1 pwm=0.000
Stats 3985739.2: gcodein=0  mcu: mcu_awake=0.001 mcu_task_avg=0.000013 mcu_task_stddev=0.000008 bytes_write=16039204 bytes_read=16458619 bytes_retransmit=9 bytes_invalid=0 send_seq=500590 receive_seq=500590 retransmit_seq=2 srtt=0.003 rttvar=0.000 rto=0.025 ready_bytes=0 upcoming_bytes=0 freq=71999134 heater_bed: target=0 temp=57.6 pwm=0.000  sysload=0.82 cputime=1727.652 memavail=6540408 print_time=123235.364 buffer_time=0.000 print_stall=0 extruder: target=0 temp=23.2 pwm=0.000
Stats 3985740.2: gcodein=0  mcu: mcu_awake=0.001 mcu_task_avg=0.000013 mcu_task_stddev=0.000008 bytes_write=16039210 bytes_read=16458740 bytes_retransmit=9 bytes_invalid=0 send_seq=500591 receive_seq=500591 retransmit_seq=2 srtt=0.003 rttvar=0.000 rto=0.025 ready_bytes=0 upcoming_bytes=0 freq=71999135 heater_bed: target=0 temp=57.6 pwm=0.000  sysload=0.82 cputime=1727.656 memavail=6518296 print_time=123235.364 buffer_time=0.000 print_stall=0 extruder: target=0 temp=23.2 pwm=0.000
Stats 3985741.2: gcodein=0  mcu: mcu_awake=0.001 mcu_task_avg=0.000013 mcu_task_stddev=0.000008 bytes_write=16039216 bytes_read=16458861 bytes_retransmit=9 bytes_invalid=0 send_seq=500592 receive_seq=500592 retransmit_seq=2 srtt=0.003 rttvar=0.000 rto=0.025 ready_bytes=0 upcoming_bytes=0 freq=71999135 heater_bed: target=0 temp=57.5 pwm=0.000  sysload=0.82 cputime=1727.661 memavail=6507780 print_time=123235.364 buffer_time=0.000 print_stall=0 extruder: target=0 temp=23.2 pwm=0.000
Stats 3985742.2: gcodein=0  mcu: mcu_awake=0.001 mcu_task_avg=0.000013 mcu_task_stddev=0.000008 bytes_write=16039222 bytes_read=16458967 bytes_retransmit=9 bytes_invalid=0 send_seq=500593 receive_seq=500593 retransmit_seq=2 srtt=0.003 rttvar=0.000 rto=0.025 ready_bytes=0 upcoming_bytes=0 freq=71999135 heater_bed: target=0 temp=57.4 pwm=0.000  sysload=0.91 cputime=1727.665 memavail=6492408 print_time=123235.364 buffer_time=0.000 print_stall=0 extruder: target=0 temp=23.2 pwm=0.000
Stats 3985743.2: gcodein=0  mcu: mcu_awake=0.001 mcu_task_avg=0.000013 mcu_task_stddev=0.000008 bytes_write=16039228 bytes_read=16459088 bytes_retransmit=9 bytes_invalid=0 send_seq=500594 receive_seq=500594 retransmit_seq=2 srtt=0.003 rttvar=0.000 rto=0.025 ready_bytes=0 upcoming_bytes=0 freq=71999135 heater_bed: target=0 temp=57.4 pwm=0.000  sysload=0.91 cputime=1727.670 memavail=6473260 print_time=123235.364 buffer_time=0.000 print_stall=0 extruder: target=0 temp=23.2 pwm=0.000
Stats 3985744.2: gcodein=0  mcu: mcu_awake=0.001 mcu_task_avg=0.000013 mcu_task_stddev=0.000008 bytes_write=16039234 bytes_read=16459209 bytes_retransmit=9 bytes_invalid=0 send_seq=500595 receive_seq=500595 retransmit_seq=2 srtt=0.003 rttvar=0.000 rto=0.025 ready_bytes=0 upcoming_bytes=0 freq=71999135 heater_bed: target=0 temp=57.3 pwm=0.000  sysload=0.91 cputime=1727.674 memavail=6437928 print_time=123235.364 buffer_time=0.000 print_stall=0 extruder: target=0 temp=23.2 pwm=0.000
Stats 3985745.2: gcodein=0  mcu: mcu_awake=0.001 mcu_task_avg=0.000013 mcu_task_stddev=0.000008 bytes_write=16039240 bytes_read=16459328 bytes_retransmit=9 bytes_invalid=0 send_seq=500596 receive_seq=500596 retransmit_seq=2 srtt=0.003 rttvar=0.000 rto=0.025 ready_bytes=0 upcoming_bytes=0 freq=71999136 heater_bed: target=0 temp=57.3 pwm=0.000  sysload=0.91 cputime=1727.679 memavail=6433436 print_time=123235.364 buffer_time=0.000 print_stall=0 extruder: target=0 temp=23.2 pwm=0.000
Stats 3985746.2: gcodein=0  mcu: mcu_awake=0.001 mcu_task_avg=0.000013 mcu_task_stddev=0.000008 bytes_write=16039246 bytes_read=16459449 bytes_retransmit=9 bytes_invalid=0 send_seq=500597 receive_seq=500597 retransmit_seq=2 srtt=0.003 rttvar=0.000 rto=0.025 ready_bytes=0 upcoming_bytes=0 freq=71999139 heater_bed: target=0 temp=57.2 pwm=0.000  sysload=0.91 cputime=1727.683 memavail=6420136 print_time=123235.364 buffer_time=0.000 print_stall=0 extruder: target=0 temp=23.2 pwm=0.000
Stats 3985747.2: gcodein=0  mcu: mcu_awake=0.001 mcu_task_avg=0.000013 mcu_task_stddev=0.000008 bytes_write=16039252 bytes_read=16459570 bytes_retransmit=9 bytes_invalid=0 send_seq=500598 receive_seq=500598 retransmit_seq=2 srtt=0.003 rttvar=0.000 rto=0.025 ready_bytes=0 upcoming_bytes=0 freq=71999139 heater_bed: target=0 temp=57.1 pwm=0.000  sysload=0.92 cputime=1727.687 memavail=6405776 print_time=123235.364 buffer_time=0.000 print_stall=0 extruder: target=0 temp=23.2 pwm=0.000
Stats 3985748.2: gcodein=0  mcu: mcu_awake=0.001 mcu_task_avg=0.000013 mcu_task_stddev=0.000008 bytes_write=16039258 bytes_read=16459676 bytes_retransmit=9 bytes_invalid=0 send_seq=500599 receive_seq=500599 retransmit_seq=2 srtt=0.003 rttvar=0.000 rto=0.025 ready_bytes=0 upcoming_bytes=0 freq=71999139 heater_bed: target=0 temp=57.1 pwm=0.000  sysload=0.92 cputime=1727.692 memavail=6530316 print_time=123235.364 buffer_time=0.000 print_stall=0 extruder: target=0 temp=23.2 pwm=0.000
Stats 3985749.2: gcodein=0  mcu: mcu_awake=0.001 mcu_task_avg=0.000013 mcu_task_stddev=0.000008 bytes_write=16039264 bytes_read=16459797 bytes_retransmit=9 bytes_invalid=0 send_seq=500600 receive_seq=500600 retransmit_seq=2 srtt=0.003 rttvar=0.000 rto=0.025 ready_bytes=0 upcoming_bytes=0 freq=71999138 heater_bed: target=0 temp=57.0 pwm=0.000  sysload=0.92 cputime=1727.695 memavail=6511988 print_time=123235.364 buffer_time=0.000 print_stall=0 extruder: target=0 temp=23.2 pwm=0.000
Stats 3985750.2: gcodein=0  mcu: mcu_awake=0.001 mcu_task_avg=0.000014 mcu_task_stddev=0.000008 bytes_write=16039270 bytes_read=16459931 bytes_retransmit=9 bytes_invalid=0 send_seq=500601 receive_seq=500601 retransmit_seq=2 srtt=0.003 rttvar=0.000 rto=0.025 ready_bytes=0 upcoming_bytes=0 freq=71999137 heater_bed: target=0 temp=57.0 pwm=0.000  sysload=0.92 cputime=1727.699 memavail=6505588 print_time=123235.364 buffer_time=0.000 print_stall=0 extruder: target=0 temp=23.2 pwm=0.000
Stats 3985751.2: gcodein=0  mcu: mcu_awake=0.001 mcu_task_avg=0.000014 mcu_task_stddev=0.000008 bytes_write=16039276 bytes_read=16460037 bytes_retransmit=9 bytes_invalid=0 send_seq=500602 receive_seq=500602 retransmit_seq=2 srtt=0.003 rttvar=0.000 rto=0.025 ready_bytes=0 upcoming_bytes=0 freq=71999137 heater_bed: target=0 temp=56.9 pwm=0.000  sysload=0.92 cputime=1727.704 memavail=6494528 print_time=123235.364 buffer_time=0.000 print_stall=0 extruder: target=0 temp=23.2 pwm=0.000
Stats 3985752.2: gcodein=0  mcu: mcu_awake=0.001 mcu_task_avg=0.000014 mcu_task_stddev=0.000008 bytes_write=16039282 bytes_read=16460158 bytes_retransmit=9 bytes_invalid=0 send_seq=500603 receive_seq=500603 retransmit_seq=2 srtt=0.003 rttvar=0.000 rto=0.025 ready_bytes=0 upcoming_bytes=0 freq=71999137 heater_bed: target=0 temp=56.9 pwm=0.000  sysload=0.84 cputime=1727.710 memavail=6482488 print_time=123235.364 buffer_time=0.000 print_stall=0 extruder: target=0 temp=23.2 pwm=0.000
Stats 3985753.2: gcodein=0  mcu: mcu_awake=0.001 mcu_task_avg=0.000014 mcu_task_stddev=0.000008 bytes_write=16039288 bytes_read=16460279 bytes_retransmit=9 bytes_invalid=0 send_seq=500604 receive_seq=500604 retransmit_seq=2 srtt=0.003 rttvar=0.000 rto=0.025 ready_bytes=0 upcoming_bytes=0 freq=71999137 heater_bed: target=0 temp=56.8 pwm=0.000  sysload=0.84 cputime=1727.714 memavail=6462640 print_time=123235.364 buffer_time=0.000 print_stall=0 extruder: target=0 temp=23.2 pwm=0.000
Stats 3985754.2: gcodein=0  mcu: mcu_awake=0.001 mcu_task_avg=0.000014 mcu_task_stddev=0.000008 bytes_write=16039294 bytes_read=16460385 bytes_retransmit=9 bytes_invalid=0 send_seq=500605 receive_seq=500605 retransmit_seq=2 srtt=0.003 rttvar=0.000 rto=0.025 ready_bytes=0 upcoming_bytes=0 freq=71999137 heater_bed: target=0 temp=56.8 pwm=0.000  sysload=0.84 cputime=1727.719 memavail=6437344 print_time=123235.364 buffer_time=0.000 print_stall=0 extruder: target=0 temp=23.2 pwm=0.000
Stats 3985755.2: gcodein=0  mcu: mcu_awake=0.001 mcu_task_avg=0.000013 mcu_task_stddev=0.000008 bytes_write=16039306 bytes_read=16460535 bytes_retransmit=9 bytes_invalid=0 send_seq=500607 receive_seq=500607 retransmit_seq=2 srtt=0.003 rttvar=0.000 rto=0.025 ready_bytes=0 upcoming_bytes=0 freq=71999136 heater_bed: target=0 temp=56.7 pwm=0.000  sysload=0.84 cputime=1727.723 memavail=6427880 print_time=123235.364 buffer_time=0.000 print_stall=0 extruder: target=0 temp=23.2 pwm=0.000
Stats 3985756.2: gcodein=0  mcu: mcu_awake=0.001 mcu_task_avg=0.000013 mcu_task_stddev=0.000008 bytes_write=16039312 bytes_read=16460656 bytes_retransmit=9 bytes_invalid=0 send_seq=500608 receive_seq=500608 retransmit_seq=2 srtt=0.003 rttvar=0.000 rto=0.025 ready_bytes=0 upcoming_bytes=0 freq=71999136 heater_bed: target=0 temp=56.6 pwm=0.000  sysload=0.84 cputime=1727.727 memavail=6410272 print_time=123235.364 buffer_time=0.000 print_stall=0 extruder: target=0 temp=23.2 pwm=0.000
Stats 3985757.2: gcodein=0  mcu: mcu_awake=0.001 mcu_task_avg=0.000013 mcu_task_stddev=0.000008 bytes_write=16039318 bytes_read=16460762 bytes_retransmit=9 bytes_invalid=0 send_seq=500609 receive_seq=500609 retransmit_seq=2 srtt=0.003 rttvar=0.000 rto=0.025 ready_bytes=0 upcoming_bytes=0 freq=71999136 heater_bed: target=0 temp=56.6 pwm=0.000  sysload=0.86 cputime=1727.731 memavail=6386340 print_time=123235.364 buffer_time=0.000 print_stall=0 extruder: target=0 temp=23.2 pwm=0.000
Stats 3985758.2: gcodein=0  mcu: mcu_awake=0.001 mcu_task_avg=0.000013 mcu_task_stddev=0.000008 bytes_write=16039324 bytes_read=16460883 bytes_retransmit=9 bytes_invalid=0 send_seq=500610 receive_seq=500610 retransmit_seq=2 srtt=0.003 rttvar=0.000 rto=0.025 ready_bytes=0 upcoming_bytes=0 freq=71999135 heater_bed: target=0 temp=56.5 pwm=0.000  sysload=0.86 cputime=1727.736 memavail=6490312 print_time=123235.364 buffer_time=0.000 print_stall=0 extruder: target=0 temp=23.2 pwm=0.000
Stats 3985759.2: gcodein=0  mcu: mcu_awake=0.001 mcu_task_avg=0.000013 mcu_task_stddev=0.000008 bytes_write=16039330 bytes_read=16461004 bytes_retransmit=9 bytes_invalid=0 send_seq=500611 receive_seq=500611 retransmit_seq=2 srtt=0.003 rttvar=0.000 rto=0.025 ready_bytes=0 upcoming_bytes=0 freq=71999135 heater_bed: target=0 temp=56.5 pwm=0.000  sysload=0.86 cputime=1727.740 memavail=6492628 print_time=123235.364 buffer_time=0.000 print_stall=0 extruder: target=0 temp=23.2 pwm=0.000
Stats 3985760.2: gcodein=0  mcu: mcu_awake=0.001 mcu_task_avg=0.000013 mcu_task_stddev=0.000008 bytes_write=16039336 bytes_read=16461123 bytes_retransmit=9 bytes_invalid=0 send_seq=500612 receive_seq=500612 retransmit_seq=2 srtt=0.003 rttvar=0.000 rto=0.025 ready_bytes=0 upcoming_bytes=0 freq=71999134 heater_bed: target=0 temp=56.4 pwm=0.000  sysload=0.86 cputime=1727.744 memavail=6494800 print_time=123235.364 buffer_time=0.000 print_stall=0 extruder: target=0 temp=23.2 pwm=0.000
Stats 3985761.2: gcodein=0  mcu: mcu_awake=0.001 mcu_task_avg=0.000013 mcu_task_stddev=0.000008 bytes_write=16039342 bytes_read=16461259 bytes_retransmit=9 bytes_invalid=0 send_seq=500613 receive_seq=500613 retransmit_seq=2 srtt=0.003 rttvar=0.000 rto=0.025 ready_bytes=0 upcoming_bytes=0 freq=71999134 heater_bed: target=0 temp=56.4 pwm=0.000  sysload=0.86 cputime=1727.748 memavail=6481556 print_time=123235.364 buffer_time=0.000 print_stall=0 extruder: target=0 temp=23.1 pwm=0.000
Stats 3985762.2: gcodein=0  mcu: mcu_awake=0.001 mcu_task_avg=0.000013 mcu_task_stddev=0.000008 bytes_write=16039348 bytes_read=16461365 bytes_retransmit=9 bytes_invalid=0 send_seq=500614 receive_seq=500614 retransmit_seq=2 srtt=0.003 rttvar=0.000 rto=0.025 ready_bytes=0 upcoming_bytes=0 freq=71999134 heater_bed: target=0 temp=56.3 pwm=0.000  sysload=0.79 cputime=1727.752 memavail=6468284 print_time=123235.364 buffer_time=0.000 print_stall=0 extruder: target=0 temp=23.2 pwm=0.000
Stats 3985763.2: gcodein=0  mcu: mcu_awake=0.001 mcu_task_avg=0.000013 mcu_task_stddev=0.000008 bytes_write=16039354 bytes_read=16461471 bytes_retransmit=9 bytes_invalid=0 send_seq=500615 receive_seq=500615 retransmit_seq=2 srtt=0.003 rttvar=0.000 rto=0.025 ready_bytes=0 upcoming_bytes=0 freq=71999134 heater_bed: target=0 temp=56.3 pwm=0.000  sysload=0.79 cputime=1727.756 memavail=6436632 print_time=123235.364 buffer_time=0.000 print_stall=0 extruder: target=0 temp=23.2 pwm=0.000
Stats 3985764.2: gcodein=0  mcu: mcu_awake=0.001 mcu_task_avg=0.000013 mcu_task_stddev=0.000008 bytes_write=16039360 bytes_read=16461607 bytes_retransmit=9 bytes_invalid=0 send_seq=500616 receive_seq=500616 retransmit_seq=2 srtt=0.003 rttvar=0.000 rto=0.025 ready_bytes=0 upcoming_bytes=0 freq=71999134 heater_bed: target=0 temp=56.2 pwm=0.000  sysload=0.79 cputime=1727.761 memavail=6422632 print_time=123235.364 buffer_time=0.000 print_stall=0 extruder: target=0 temp=23.2 pwm=0.000
Stats 3985765.2: gcodein=0  mcu: mcu_awake=0.001 mcu_task_avg=0.000013 mcu_task_stddev=0.000009 bytes_write=16039366 bytes_read=16461726 bytes_retransmit=9 bytes_invalid=0 send_seq=500617 receive_seq=500617 retransmit_seq=2 srtt=0.003 rttvar=0.000 rto=0.025 ready_bytes=0 upcoming_bytes=0 freq=71999133 heater_bed: target=0 temp=56.2 pwm=0.000  sysload=0.79 cputime=1727.764 memavail=6408956 print_time=123235.364 buffer_time=0.000 print_stall=0 extruder: target=0 temp=23.2 pwm=0.000
Stats 3985766.2: gcodein=0  mcu: mcu_awake=0.001 mcu_task_avg=0.000013 mcu_task_stddev=0.000009 bytes_write=16039372 bytes_read=16461832 bytes_retransmit=9 bytes_invalid=0 send_seq=500618 receive_seq=500618 retransmit_seq=2 srtt=0.003 rttvar=0.000 rto=0.025 ready_bytes=0 upcoming_bytes=0 freq=71999134 heater_bed: target=0 temp=56.1 pwm=0.000  sysload=0.79 cputime=1727.768 memavail=6392928 print_time=123235.364 buffer_time=0.000 print_stall=0 extruder: target=0 temp=23.2 pwm=0.000
Stats 3985767.2: gcodein=0  mcu: mcu_awake=0.001 mcu_task_avg=0.000013 mcu_task_stddev=0.000009 bytes_write=16039378 bytes_read=16461959 bytes_retransmit=9 bytes_invalid=0 send_seq=500619 receive_seq=500619 retransmit_seq=2 srtt=0.003 rttvar=0.000 rto=0.025 ready_bytes=0 upcoming_bytes=0 freq=71999133 heater_bed: target=0 temp=56.0 pwm=0.000  sysload=0.81 cputime=1727.773 memavail=6375820 print_time=123235.364 buffer_time=0.000 print_stall=0 extruder: target=0 temp=23.1 pwm=0.000
Stats 3985768.2: gcodein=0  mcu: mcu_awake=0.001 mcu_task_avg=0.000013 mcu_task_stddev=0.000009 bytes_write=16039384 bytes_read=16462058 bytes_retransmit=9 bytes_invalid=0 send_seq=500620 receive_seq=500620 retransmit_seq=2 srtt=0.003 rttvar=0.000 rto=0.025 ready_bytes=0 upcoming_bytes=0 freq=71999133 heater_bed: target=0 temp=56.0 pwm=0.000  sysload=0.81 cputime=1727.777 memavail=6516940 print_time=123235.364 buffer_time=0.000 print_stall=0 extruder: target=0 temp=23.2 pwm=0.000
Stats 3985769.2: gcodein=0  mcu: mcu_awake=0.001 mcu_task_avg=0.000013 mcu_task_stddev=0.000009 bytes_write=16039390 bytes_read=16462157 bytes_retransmit=9 bytes_invalid=0 send_seq=500621 receive_seq=500621 retransmit_seq=2 srtt=0.003 rttvar=0.000 rto=0.025 ready_bytes=0 upcoming_bytes=0 freq=71999134 heater_bed: target=0 temp=55.9 pwm=0.000  sysload=0.81 cputime=1727.781 memavail=6506664 print_time=123235.364 buffer_time=0.000 print_stall=0 extruder: target=0 temp=23.2 pwm=0.000
Stats 3985770.2: gcodein=0  mcu: mcu_awake=0.001 mcu_task_avg=0.000013 mcu_task_stddev=0.000008 bytes_write=16039396 bytes_read=16462301 bytes_retransmit=9 bytes_invalid=0 send_seq=500622 receive_seq=500622 retransmit_seq=2 srtt=0.003 rttvar=0.000 rto=0.025 ready_bytes=0 upcoming_bytes=0 freq=71999133 heater_bed: target=0 temp=55.9 pwm=0.000  sysload=0.81 cputime=1727.785 memavail=6496612 print_time=123235.364 buffer_time=0.000 print_stall=0 extruder: target=0 temp=23.2 pwm=0.000
Stats 3985771.2: gcodein=0  mcu: mcu_awake=0.001 mcu_task_avg=0.000013 mcu_task_stddev=0.000008 bytes_write=16039402 bytes_read=16462407 bytes_retransmit=9 bytes_invalid=0 send_seq=500623 receive_seq=500623 retransmit_seq=2 srtt=0.003 rttvar=0.000 rto=0.025 ready_bytes=0 upcoming_bytes=0 freq=71999133 heater_bed: target=0 temp=55.9 pwm=0.000  sysload=0.81 cputime=1727.790 memavail=6478220 print_time=123235.364 buffer_time=0.000 print_stall=0 extruder: target=0 temp=23.2 pwm=0.000
Stats 3985772.2: gcodein=0  mcu: mcu_awake=0.001 mcu_task_avg=0.000013 mcu_task_stddev=0.000008 bytes_write=16039408 bytes_read=16462513 bytes_retransmit=9 bytes_invalid=0 send_seq=500624 receive_seq=500624 retransmit_seq=2 srtt=0.003 rttvar=0.000 rto=0.025 ready_bytes=0 upcoming_bytes=0 freq=71999133 heater_bed: target=0 temp=55.8 pwm=0.000  sysload=0.74 cputime=1727.794 memavail=6459320 print_time=123235.364 buffer_time=0.000 print_stall=0 extruder: target=0 temp=23.2 pwm=0.000
Stats 3985773.2: gcodein=0  mcu: mcu_awake=0.001 mcu_task_avg=0.000013 mcu_task_stddev=0.000008 bytes_write=16039414 bytes_read=16462649 bytes_retransmit=9 bytes_invalid=0 send_seq=500625 receive_seq=500625 retransmit_seq=2 srtt=0.003 rttvar=0.000 rto=0.025 ready_bytes=0 upcoming_bytes=0 freq=71999135 heater_bed: target=0 temp=55.7 pwm=0.000  sysload=0.74 cputime=1727.798 memavail=6436948 print_time=123235.364 buffer_time=0.000 print_stall=0 extruder: target=0 temp=23.2 pwm=0.000
Stats 3985774.2: gcodein=0  mcu: mcu_awake=0.001 mcu_task_avg=0.000013 mcu_task_stddev=0.000008 bytes_write=16039420 bytes_read=16462755 bytes_retransmit=9 bytes_invalid=0 send_seq=500626 receive_seq=500626 retransmit_seq=2 srtt=0.003 rttvar=0.000 rto=0.025 ready_bytes=0 upcoming_bytes=0 freq=71999134 heater_bed: target=0 temp=55.7 pwm=0.000  sysload=0.74 cputime=1727.802 memavail=6425928 print_time=123235.364 buffer_time=0.000 print_stall=0 extruder: target=0 temp=23.2 pwm=0.000
Stats 3985775.2: gcodein=0  mcu: mcu_awake=0.001 mcu_task_avg=0.000013 mcu_task_stddev=0.000008 bytes_write=16039426 bytes_read=16462874 bytes_retransmit=9 bytes_invalid=0 send_seq=500627 receive_seq=500627 retransmit_seq=2 srtt=0.003 rttvar=0.000 rto=0.025 ready_bytes=0 upcoming_bytes=0 freq=71999134 heater_bed: target=0 temp=55.6 pwm=0.000  sysload=0.74 cputime=1727.806 memavail=6408344 print_time=123235.364 buffer_time=0.000 print_stall=0 extruder: target=0 temp=23.2 pwm=0.000
Stats 3985776.2: gcodein=0  mcu: mcu_awake=0.001 mcu_task_avg=0.000013 mcu_task_stddev=0.000008 bytes_write=16039432 bytes_read=16463010 bytes_retransmit=9 bytes_invalid=0 send_seq=500628 receive_seq=500628 retransmit_seq=2 srtt=0.003 rttvar=0.000 rto=0.025 ready_bytes=0 upcoming_bytes=0 freq=71999134 heater_bed: target=0 temp=55.6 pwm=0.000  sysload=0.74 cputime=1727.810 memavail=6389508 print_time=123235.364 buffer_time=0.000 print_stall=0 extruder: target=0 temp=23.2 pwm=0.000
Stats 3985777.2: gcodein=0  mcu: mcu_awake=0.001 mcu_task_avg=0.000013 mcu_task_stddev=0.000008 bytes_write=16039438 bytes_read=16463116 bytes_retransmit=9 bytes_invalid=0 send_seq=500629 receive_seq=500629 retransmit_seq=2 srtt=0.003 rttvar=0.000 rto=0.025 ready_bytes=0 upcoming_bytes=0 freq=71999133 heater_bed: target=0 temp=55.5 pwm=0.000  sysload=0.76 cputime=1727.815 memavail=6358332 print_time=123235.364 buffer_time=0.000 print_stall=0 extruder: target=0 temp=23.2 pwm=0.000
Stats 3985778.2: gcodein=0  mcu: mcu_awake=0.001 mcu_task_avg=0.000013 mcu_task_stddev=0.000008 bytes_write=16039444 bytes_read=16463222 bytes_retransmit=9 bytes_invalid=0 send_seq=500630 receive_seq=500630 retransmit_seq=2 srtt=0.003 rttvar=0.000 rto=0.025 ready_bytes=0 upcoming_bytes=0 freq=71999133 heater_bed: target=0 temp=55.5 pwm=0.000  sysload=0.76 cputime=1727.819 memavail=6493080 print_time=123235.364 buffer_time=0.000 print_stall=0 extruder: target=0 temp=23.2 pwm=0.000
Stats 3985779.2: gcodein=0  mcu: mcu_awake=0.001 mcu_task_avg=0.000013 mcu_task_stddev=0.000008 bytes_write=16039450 bytes_read=16463358 bytes_retransmit=9 bytes_invalid=0 send_seq=500631 receive_seq=500631 retransmit_seq=2 srtt=0.003 rttvar=0.000 rto=0.025 ready_bytes=0 upcoming_bytes=0 freq=71999133 heater_bed: target=0 temp=55.4 pwm=0.000  sysload=0.76 cputime=1727.823 memavail=6489636 print_time=123235.364 buffer_time=0.000 print_stall=0 extruder: target=0 temp=23.2 pwm=0.000
Stats 3985780.2: gcodein=0  mcu: mcu_awake=0.001 mcu_task_avg=0.000014 mcu_task_stddev=0.000008 bytes_write=16039456 bytes_read=16463477 bytes_retransmit=9 bytes_invalid=0 send_seq=500632 receive_seq=500632 retransmit_seq=2 srtt=0.003 rttvar=0.000 rto=0.025 ready_bytes=0 upcoming_bytes=0 freq=71999132 heater_bed: target=0 temp=55.4 pwm=0.000  sysload=0.76 cputime=1727.827 memavail=6478632 print_time=123235.364 buffer_time=0.000 print_stall=0 extruder: target=0 temp=23.2 pwm=0.000
Stats 3985781.2: gcodein=0  mcu: mcu_awake=0.001 mcu_task_avg=0.000014 mcu_task_stddev=0.000008 bytes_write=16039462 bytes_read=16463583 bytes_retransmit=9 bytes_invalid=0 send_seq=500633 receive_seq=500633 retransmit_seq=2 srtt=0.003 rttvar=0.000 rto=0.025 ready_bytes=0 upcoming_bytes=0 freq=71999132 heater_bed: target=0 temp=55.3 pwm=0.000  sysload=0.76 cputime=1727.830 memavail=6460324 print_time=123235.364 buffer_time=0.000 print_stall=0 extruder: target=0 temp=23.2 pwm=0.000
Stats 3985782.2: gcodein=0  mcu: mcu_awake=0.001 mcu_task_avg=0.000014 mcu_task_stddev=0.000008 bytes_write=16039468 bytes_read=16463719 bytes_retransmit=9 bytes_invalid=0 send_seq=500634 receive_seq=500634 retransmit_seq=2 srtt=0.003 rttvar=0.000 rto=0.025 ready_bytes=0 upcoming_bytes=0 freq=71999132 heater_bed: target=0 temp=55.3 pwm=0.000  sysload=0.78 cputime=1727.835 memavail=6435496 print_time=123235.364 buffer_time=0.000 print_stall=0 extruder: target=0 temp=23.2 pwm=0.000
Stats 3985783.2: gcodein=0  mcu: mcu_awake=0.001 mcu_task_avg=0.000014 mcu_task_stddev=0.000008 bytes_write=16039474 bytes_read=16463825 bytes_retransmit=9 bytes_invalid=0 send_seq=500635 receive_seq=500635 retransmit_seq=2 srtt=0.003 rttvar=0.000 rto=0.025 ready_bytes=0 upcoming_bytes=0 freq=71999132 heater_bed: target=0 temp=55.2 pwm=0.000  sysload=0.78 cputime=1727.839 memavail=6424416 print_time=123235.364 buffer_time=0.000 print_stall=0 extruder: target=0 temp=23.2 pwm=0.000
Stats 3985784.2: gcodein=0  mcu: mcu_awake=0.001 mcu_task_avg=0.000014 mcu_task_stddev=0.000008 bytes_write=16039480 bytes_read=16463931 bytes_retransmit=9 bytes_invalid=0 send_seq=500636 receive_seq=500636 retransmit_seq=2 srtt=0.003 rttvar=0.000 rto=0.025 ready_bytes=0 upcoming_bytes=0 freq=71999131 heater_bed: target=0 temp=55.2 pwm=0.000  sysload=0.78 cputime=1727.843 memavail=6408540 print_time=123235.364 buffer_time=0.000 print_stall=0 extruder: target=0 temp=23.2 pwm=0.000
Stats 3985785.2: gcodein=0  mcu: mcu_awake=0.001 mcu_task_avg=0.000014 mcu_task_stddev=0.000008 bytes_write=16039486 bytes_read=16464080 bytes_retransmit=9 bytes_invalid=0 send_seq=500637 receive_seq=500637 retransmit_seq=2 srtt=0.003 rttvar=0.000 rto=0.025 ready_bytes=0 upcoming_bytes=0 freq=71999132 heater_bed: target=0 temp=55.2 pwm=0.000  sysload=0.78 cputime=1727.847 memavail=6389204 print_time=123235.364 buffer_time=0.000 print_stall=0 extruder: target=0 temp=23.2 pwm=0.000
Stats 3985786.2: gcodein=0  mcu: mcu_awake=0.001 mcu_task_avg=0.000014 mcu_task_stddev=0.000008 bytes_write=16039492 bytes_read=16464186 bytes_retransmit=9 bytes_invalid=0 send_seq=500638 receive_seq=500638 retransmit_seq=2 srtt=0.003 rttvar=0.000 rto=0.025 ready_bytes=0 upcoming_bytes=0 freq=71999132 heater_bed: target=0 temp=55.1 pwm=0.000  sysload=0.78 cputime=1727.851 memavail=6361484 print_time=123235.364 buffer_time=0.000 print_stall=0 extruder: target=0 temp=23.1 pwm=0.000
Stats 3985787.2: gcodein=0  mcu: mcu_awake=0.001 mcu_task_avg=0.000014 mcu_task_stddev=0.000008 bytes_write=16039498 bytes_read=16464292 bytes_retransmit=9 bytes_invalid=0 send_seq=500639 receive_seq=500639 retransmit_seq=2 srtt=0.003 rttvar=0.000 rto=0.025 ready_bytes=0 upcoming_bytes=0 freq=71999132 heater_bed: target=0 temp=55.0 pwm=0.000  sysload=0.88 cputime=1727.855 memavail=6343316 print_time=123235.364 buffer_time=0.000 print_stall=0 extruder: target=0 temp=23.2 pwm=0.000
Stats 3985788.2: gcodein=0  mcu: mcu_awake=0.001 mcu_task_avg=0.000014 mcu_task_stddev=0.000008 bytes_write=16039504 bytes_read=16464428 bytes_retransmit=9 bytes_invalid=0 send_seq=500640 receive_seq=500640 retransmit_seq=2 srtt=0.003 rttvar=0.000 rto=0.025 ready_bytes=0 upcoming_bytes=0 freq=71999132 heater_bed: target=0 temp=55.0 pwm=0.000  sysload=0.88 cputime=1727.859 memavail=6544392 print_time=123235.364 buffer_time=0.000 print_stall=0 extruder: target=0 temp=23.2 pwm=0.000
Stats 3985789.2: gcodein=0  mcu: mcu_awake=0.001 mcu_task_avg=0.000014 mcu_task_stddev=0.000008 bytes_write=16039510 bytes_read=16464534 bytes_retransmit=9 bytes_invalid=0 send_seq=500641 receive_seq=500641 retransmit_seq=2 srtt=0.003 rttvar=0.000 rto=0.025 ready_bytes=0 upcoming_bytes=0 freq=71999132 heater_bed: target=0 temp=54.9 pwm=0.000  sysload=0.88 cputime=1727.862 memavail=6537100 print_time=123235.364 buffer_time=0.000 print_stall=0 extruder: target=0 temp=23.2 pwm=0.000
Stats 3985790.2: gcodein=0  mcu: mcu_awake=0.001 mcu_task_avg=0.000013 mcu_task_stddev=0.000008 bytes_write=16039516 bytes_read=16464653 bytes_retransmit=9 bytes_invalid=0 send_seq=500642 receive_seq=500642 retransmit_seq=2 srtt=0.003 rttvar=0.000 rto=0.025 ready_bytes=0 upcoming_bytes=0 freq=71999132 heater_bed: target=0 temp=54.9 pwm=0.000  sysload=0.88 cputime=1727.866 memavail=6528868 print_time=123235.364 buffer_time=0.000 print_stall=0 extruder: target=0 temp=23.2 pwm=0.000
Stats 3985791.2: gcodein=0  mcu: mcu_awake=0.001 mcu_task_avg=0.000013 mcu_task_stddev=0.000008 bytes_write=16039522 bytes_read=16464789 bytes_retransmit=9 bytes_invalid=0 send_seq=500643 receive_seq=500643 retransmit_seq=2 srtt=0.003 rttvar=0.000 rto=0.025 ready_bytes=0 upcoming_bytes=0 freq=71999132 heater_bed: target=0 temp=54.8 pwm=0.000  sysload=0.88 cputime=1727.870 memavail=6513460 print_time=123235.364 buffer_time=0.000 print_stall=0 extruder: target=0 temp=23.2 pwm=0.000
Stats 3985792.2: gcodein=0  mcu: mcu_awake=0.001 mcu_task_avg=0.000013 mcu_task_stddev=0.000008 bytes_write=16039528 bytes_read=16464895 bytes_retransmit=9 bytes_invalid=0 send_seq=500644 receive_seq=500644 retransmit_seq=2 srtt=0.003 rttvar=0.000 rto=0.025 ready_bytes=0 upcoming_bytes=0 freq=71999135 heater_bed: target=0 temp=54.8 pwm=0.000  sysload=0.81 cputime=1727.874 memavail=6502256 print_time=123235.364 buffer_time=0.000 print_stall=0 extruder: target=0 temp=23.2 pwm=0.000
Stats 3985793.2: gcodein=0  mcu: mcu_awake=0.001 mcu_task_avg=0.000013 mcu_task_stddev=0.000008 bytes_write=16039534 bytes_read=16465001 bytes_retransmit=9 bytes_invalid=0 send_seq=500645 receive_seq=500645 retransmit_seq=2 srtt=0.003 rttvar=0.000 rto=0.025 ready_bytes=0 upcoming_bytes=0 freq=71999137 heater_bed: target=0 temp=54.7 pwm=0.000  sysload=0.81 cputime=1727.879 memavail=6490736 print_time=123235.364 buffer_time=0.000 print_stall=0 extruder: target=0 temp=23.2 pwm=0.000
Stats 3985794.2: gcodein=0  mcu: mcu_awake=0.001 mcu_task_avg=0.000013 mcu_task_stddev=0.000008 bytes_write=16039540 bytes_read=16465137 bytes_retransmit=9 bytes_invalid=0 send_seq=500646 receive_seq=500646 retransmit_seq=2 srtt=0.003 rttvar=0.000 rto=0.025 ready_bytes=0 upcoming_bytes=0 freq=71999137 heater_bed: target=0 temp=54.7 pwm=0.000  sysload=0.81 cputime=1727.883 memavail=6474896 print_time=123235.364 buffer_time=0.000 print_stall=0 extruder: target=0 temp=23.2 pwm=0.000
Stats 3985795.2: gcodein=0  mcu: mcu_awake=0.001 mcu_task_avg=0.000013 mcu_task_stddev=0.000008 bytes_write=16039546 bytes_read=16465256 bytes_retransmit=9 bytes_invalid=0 send_seq=500647 receive_seq=500647 retransmit_seq=2 srtt=0.003 rttvar=0.000 rto=0.025 ready_bytes=0 upcoming_bytes=0 freq=71999137 heater_bed: target=0 temp=54.7 pwm=0.000  sysload=0.81 cputime=1727.887 memavail=6455548 print_time=123235.364 buffer_time=0.000 print_stall=0 extruder: target=0 temp=23.1 pwm=0.000
Stats 3985796.2: gcodein=0  mcu: mcu_awake=0.001 mcu_task_avg=0.000013 mcu_task_stddev=0.000008 bytes_write=16039552 bytes_read=16465362 bytes_retransmit=9 bytes_invalid=0 send_seq=500648 receive_seq=500648 retransmit_seq=2 srtt=0.003 rttvar=0.000 rto=0.025 ready_bytes=0 upcoming_bytes=0 freq=71999137 heater_bed: target=0 temp=54.6 pwm=0.000  sysload=0.81 cputime=1727.891 memavail=6424972 print_time=123235.364 buffer_time=0.000 print_stall=0 extruder: target=0 temp=23.2 pwm=0.000
Stats 3985797.2: gcodein=0  mcu: mcu_awake=0.001 mcu_task_avg=0.000013 mcu_task_stddev=0.000008 bytes_write=16039558 bytes_read=16465498 bytes_retransmit=9 bytes_invalid=0 send_seq=500649 receive_seq=500649 retransmit_seq=2 srtt=0.003 rttvar=0.000 rto=0.025 ready_bytes=0 upcoming_bytes=0 freq=71999137 heater_bed: target=0 temp=54.6 pwm=0.000  sysload=0.74 cputime=1727.895 memavail=6419680 print_time=123235.364 buffer_time=0.000 print_stall=0 extruder: target=0 temp=23.2 pwm=0.000
Stats 3985798.2: gcodein=0  mcu: mcu_awake=0.001 mcu_task_avg=0.000013 mcu_task_stddev=0.000008 bytes_write=16039564 bytes_read=16465604 bytes_retransmit=9 bytes_invalid=0 send_seq=500650 receive_seq=500650 retransmit_seq=2 srtt=0.003 rttvar=0.000 rto=0.025 ready_bytes=0 upcoming_bytes=0 freq=71999136 heater_bed: target=0 temp=54.5 pwm=0.000  sysload=0.74 cputime=1727.900 memavail=6558840 print_time=123235.364 buffer_time=0.000 print_stall=0 extruder: target=0 temp=23.2 pwm=0.000
Stats 3985799.2: gcodein=0  mcu: mcu_awake=0.001 mcu_task_avg=0.000013 mcu_task_stddev=0.000008 bytes_write=16039570 bytes_read=16465710 bytes_retransmit=9 bytes_invalid=0 send_seq=500651 receive_seq=500651 retransmit_seq=2 srtt=0.003 rttvar=0.000 rto=0.025 ready_bytes=0 upcoming_bytes=0 freq=71999136 heater_bed: target=0 temp=54.5 pwm=0.000  sysload=0.74 cputime=1727.903 memavail=6544000 print_time=123235.364 buffer_time=0.000 print_stall=0 extruder: target=0 temp=23.2 pwm=0.000
Stats 3985800.2: gcodein=0  mcu: mcu_awake=0.001 mcu_task_avg=0.000013 mcu_task_stddev=0.000008 bytes_write=16039576 bytes_read=16465859 bytes_retransmit=9 bytes_invalid=0 send_seq=500652 receive_seq=500652 retransmit_seq=2 srtt=0.003 rttvar=0.000 rto=0.025 ready_bytes=0 upcoming_bytes=0 freq=71999136 heater_bed: target=0 temp=54.4 pwm=0.000  sysload=0.74 cputime=1727.908 memavail=6531684 print_time=123235.364 buffer_time=0.000 print_stall=0 extruder: target=0 temp=23.1 pwm=0.000
Stats 3985801.2: gcodein=0  mcu: mcu_awake=0.001 mcu_task_avg=0.000013 mcu_task_stddev=0.000008 bytes_write=16039582 bytes_read=16465965 bytes_retransmit=9 bytes_invalid=0 send_seq=500653 receive_seq=500653 retransmit_seq=2 srtt=0.003 rttvar=0.000 rto=0.025 ready_bytes=0 upcoming_bytes=0 freq=71999136 heater_bed: target=0 temp=54.4 pwm=0.000  sysload=0.74 cputime=1727.911 memavail=6510012 print_time=123235.364 buffer_time=0.000 print_stall=0 extruder: target=0 temp=23.1 pwm=0.000
Stats 3985802.2: gcodein=0  mcu: mcu_awake=0.001 mcu_task_avg=0.000013 mcu_task_stddev=0.000008 bytes_write=16039588 bytes_read=16466071 bytes_retransmit=9 bytes_invalid=0 send_seq=500654 receive_seq=500654 retransmit_seq=2 srtt=0.003 rttvar=0.000 rto=0.025 ready_bytes=0 upcoming_bytes=0 freq=71999136 heater_bed: target=0 temp=54.3 pwm=0.000  sysload=0.76 cputime=1727.915 memavail=6494136 print_time=123235.364 buffer_time=0.000 print_stall=0 extruder: target=0 temp=23.2 pwm=0.000
Stats 3985803.2: gcodein=0  mcu: mcu_awake=0.001 mcu_task_avg=0.000013 mcu_task_stddev=0.000008 bytes_write=16039594 bytes_read=16466207 bytes_retransmit=9 bytes_invalid=0 send_seq=500655 receive_seq=500655 retransmit_seq=2 srtt=0.003 rttvar=0.000 rto=0.025 ready_bytes=0 upcoming_bytes=0 freq=71999136 heater_bed: target=0 temp=54.3 pwm=0.000  sysload=0.76 cputime=1727.920 memavail=6482796 print_time=123235.364 buffer_time=0.000 print_stall=0 extruder: target=0 temp=23.2 pwm=0.000
Stats 3985804.2: gcodein=0  mcu: mcu_awake=0.001 mcu_task_avg=0.000013 mcu_task_stddev=0.000008 bytes_write=16039600 bytes_read=16466313 bytes_retransmit=9 bytes_invalid=0 send_seq=500656 receive_seq=500656 retransmit_seq=2 srtt=0.003 rttvar=0.000 rto=0.025 ready_bytes=0 upcoming_bytes=0 freq=71999135 heater_bed: target=0 temp=54.2 pwm=0.000  sysload=0.76 cputime=1727.925 memavail=6463896 print_time=123235.364 buffer_time=0.000 print_stall=0 extruder: target=0 temp=23.2 pwm=0.000
Stats 3985805.2: gcodein=0  mcu: mcu_awake=0.001 mcu_task_avg=0.000013 mcu_task_stddev=0.000008 bytes_write=16039606 bytes_read=16466447 bytes_retransmit=9 bytes_invalid=0 send_seq=500657 receive_seq=500657 retransmit_seq=2 srtt=0.003 rttvar=0.000 rto=0.025 ready_bytes=0 upcoming_bytes=0 freq=71999135 heater_bed: target=0 temp=54.2 pwm=0.000  sysload=0.76 cputime=1727.929 memavail=6434160 print_time=123235.364 buffer_time=0.000 print_stall=0 extruder: target=0 temp=23.1 pwm=0.000
Stats 3985806.2: gcodein=0  mcu: mcu_awake=0.001 mcu_task_avg=0.000013 mcu_task_stddev=0.000008 bytes_write=16039612 bytes_read=16466568 bytes_retransmit=9 bytes_invalid=0 send_seq=500658 receive_seq=500658 retransmit_seq=2 srtt=0.003 rttvar=0.000 rto=0.025 ready_bytes=0 upcoming_bytes=0 freq=71999134 heater_bed: target=0 temp=54.1 pwm=0.000  sysload=0.76 cputime=1727.933 memavail=6429464 print_time=123235.364 buffer_time=0.000 print_stall=0 extruder: target=0 temp=23.2 pwm=0.000
Stats 3985807.2: gcodein=0  mcu: mcu_awake=0.001 mcu_task_avg=0.000013 mcu_task_stddev=0.000008 bytes_write=16039618 bytes_read=16466674 bytes_retransmit=9 bytes_invalid=0 send_seq=500659 receive_seq=500659 retransmit_seq=2 srtt=0.003 rttvar=0.000 rto=0.025 ready_bytes=0 upcoming_bytes=0 freq=71999134 heater_bed: target=0 temp=54.1 pwm=0.000  sysload=0.78 cputime=1727.937 memavail=6410940 print_time=123235.364 buffer_time=0.000 print_stall=0 extruder: target=0 temp=23.2 pwm=0.000
Stats 3985808.2: gcodein=0  mcu: mcu_awake=0.001 mcu_task_avg=0.000013 mcu_task_stddev=0.000008 bytes_write=16039624 bytes_read=16466795 bytes_retransmit=9 bytes_invalid=0 send_seq=500660 receive_seq=500660 retransmit_seq=2 srtt=0.003 rttvar=0.000 rto=0.025 ready_bytes=0 upcoming_bytes=0 freq=71999134 heater_bed: target=0 temp=54.0 pwm=0.000  sysload=0.78 cputime=1727.941 memavail=6527824 print_time=123235.364 buffer_time=0.000 print_stall=0 extruder: target=0 temp=23.1 pwm=0.000
Stats 3985809.2: gcodein=0  mcu: mcu_awake=0.001 mcu_task_avg=0.000013 mcu_task_stddev=0.000008 bytes_write=16039630 bytes_read=16466916 bytes_retransmit=9 bytes_invalid=0 send_seq=500661 receive_seq=500661 retransmit_seq=2 srtt=0.003 rttvar=0.000 rto=0.025 ready_bytes=0 upcoming_bytes=0 freq=71999134 heater_bed: target=0 temp=54.0 pwm=0.000  sysload=0.78 cputime=1727.946 memavail=6520152 print_time=123235.364 buffer_time=0.000 print_stall=0 extruder: target=0 temp=23.1 pwm=0.000
Stats 3985810.2: gcodein=0  mcu: mcu_awake=0.001 mcu_task_avg=0.000013 mcu_task_stddev=0.000008 bytes_write=16039636 bytes_read=16467035 bytes_retransmit=9 bytes_invalid=0 send_seq=500662 receive_seq=500662 retransmit_seq=2 srtt=0.003 rttvar=0.000 rto=0.025 ready_bytes=0 upcoming_bytes=0 freq=71999134 heater_bed: target=0 temp=53.9 pwm=0.000  sysload=0.78 cputime=1727.951 memavail=6509804 print_time=123235.364 buffer_time=0.000 print_stall=0 extruder: target=0 temp=23.1 pwm=0.000
Stats 3985811.2: gcodein=0  mcu: mcu_awake=0.001 mcu_task_avg=0.000013 mcu_task_stddev=0.000008 bytes_write=16039642 bytes_read=16467156 bytes_retransmit=9 bytes_invalid=0 send_seq=500663 receive_seq=500663 retransmit_seq=2 srtt=0.003 rttvar=0.000 rto=0.025 ready_bytes=0 upcoming_bytes=0 freq=71999134 heater_bed: target=0 temp=53.9 pwm=0.000  sysload=0.78 cputime=1727.955 memavail=6498808 print_time=123235.364 buffer_time=0.000 print_stall=0 extruder: target=0 temp=23.2 pwm=0.000
Stats 3985812.2: gcodein=0  mcu: mcu_awake=0.001 mcu_task_avg=0.000013 mcu_task_stddev=0.000008 bytes_write=16039648 bytes_read=16467277 bytes_retransmit=9 bytes_invalid=0 send_seq=500664 receive_seq=500664 retransmit_seq=2 srtt=0.003 rttvar=0.000 rto=0.025 ready_bytes=0 upcoming_bytes=0 freq=71999134 heater_bed: target=0 temp=53.8 pwm=0.000  sysload=0.88 cputime=1727.958 memavail=6487132 print_time=123235.364 buffer_time=0.000 print_stall=0 extruder: target=0 temp=23.2 pwm=0.000
Stats 3985813.2: gcodein=0  mcu: mcu_awake=0.001 mcu_task_avg=0.000013 mcu_task_stddev=0.000008 bytes_write=16039654 bytes_read=16467383 bytes_retransmit=9 bytes_invalid=0 send_seq=500665 receive_seq=500665 retransmit_seq=2 srtt=0.003 rttvar=0.000 rto=0.025 ready_bytes=0 upcoming_bytes=0 freq=71999134 heater_bed: target=0 temp=53.8 pwm=0.000  sysload=0.88 cputime=1727.962 memavail=6467352 print_time=123235.364 buffer_time=0.000 print_stall=0 extruder: target=0 temp=23.2 pwm=0.000
Stats 3985814.2: gcodein=0  mcu: mcu_awake=0.001 mcu_task_avg=0.000013 mcu_task_stddev=0.000008 bytes_write=16039660 bytes_read=16467504 bytes_retransmit=9 bytes_invalid=0 send_seq=500666 receive_seq=500666 retransmit_seq=2 srtt=0.003 rttvar=0.000 rto=0.025 ready_bytes=0 upcoming_bytes=0 freq=71999134 heater_bed: target=0 temp=53.8 pwm=0.000  sysload=0.88 cputime=1727.966 memavail=6446324 print_time=123235.364 buffer_time=0.000 print_stall=0 extruder: target=0 temp=23.1 pwm=0.000
Stats 3985815.2: gcodein=0  mcu: mcu_awake=0.001 mcu_task_avg=0.000013 mcu_task_stddev=0.000008 bytes_write=16039666 bytes_read=16467625 bytes_retransmit=9 bytes_invalid=0 send_seq=500667 receive_seq=500667 retransmit_seq=2 srtt=0.003 rttvar=0.000 rto=0.025 ready_bytes=0 upcoming_bytes=0 freq=71999134 heater_bed: target=0 temp=53.7 pwm=0.000  sysload=0.88 cputime=1727.971 memavail=6421804 print_time=123235.364 buffer_time=0.000 print_stall=0 extruder: target=0 temp=23.2 pwm=0.000
Stats 3985816.2: gcodein=0  mcu: mcu_awake=0.001 mcu_task_avg=0.000013 mcu_task_stddev=0.000008 bytes_write=16039678 bytes_read=16467744 bytes_retransmit=9 bytes_invalid=0 send_seq=500669 receive_seq=500668 retransmit_seq=2 srtt=0.003 rttvar=0.000 rto=0.025 ready_bytes=0 upcoming_bytes=0 freq=71999134 heater_bed: target=0 temp=53.7 pwm=0.000  sysload=0.88 cputime=1727.975 memavail=6410532 print_time=123235.364 buffer_time=0.000 print_stall=0 extruder: target=0 temp=23.2 pwm=0.000
Stats 3985817.2: gcodein=0  mcu: mcu_awake=0.001 mcu_task_avg=0.000013 mcu_task_stddev=0.000008 bytes_write=16039684 bytes_read=16467881 bytes_retransmit=9 bytes_invalid=0 send_seq=500670 receive_seq=500670 retransmit_seq=2 srtt=0.003 rttvar=0.000 rto=0.025 ready_bytes=0 upcoming_bytes=0 freq=71999133 heater_bed: target=0 temp=53.6 pwm=0.000  sysload=1.05 cputime=1727.979 memavail=6394180 print_time=123235.364 buffer_time=0.000 print_stall=0 extruder: target=0 temp=23.1 pwm=0.000
Stats 3985818.2: gcodein=0  mcu: mcu_awake=0.001 mcu_task_avg=0.000013 mcu_task_stddev=0.000008 bytes_write=16039690 bytes_read=16468002 bytes_retransmit=9 bytes_invalid=0 send_seq=500671 receive_seq=500671 retransmit_seq=2 srtt=0.003 rttvar=0.000 rto=0.025 ready_bytes=0 upcoming_bytes=0 freq=71999133 heater_bed: target=0 temp=53.6 pwm=0.000  sysload=1.05 cputime=1727.983 memavail=6531420 print_time=123235.364 buffer_time=0.000 print_stall=0 extruder: target=0 temp=23.1 pwm=0.000
Stats 3985819.2: gcodein=0  mcu: mcu_awake=0.001 mcu_task_avg=0.000013 mcu_task_stddev=0.000008 bytes_write=16039696 bytes_read=16468108 bytes_retransmit=9 bytes_invalid=0 send_seq=500672 receive_seq=500672 retransmit_seq=2 srtt=0.003 rttvar=0.000 rto=0.025 ready_bytes=0 upcoming_bytes=0 freq=71999132 heater_bed: target=0 temp=53.6 pwm=0.000  sysload=1.05 cputime=1727.986 memavail=6518720 print_time=123235.364 buffer_time=0.000 print_stall=0 extruder: target=0 temp=23.2 pwm=0.000
Stats 3985820.2: gcodein=0  mcu: mcu_awake=0.001 mcu_task_avg=0.000013 mcu_task_stddev=0.000008 bytes_write=16039702 bytes_read=16468229 bytes_retransmit=9 bytes_invalid=0 send_seq=500673 receive_seq=500673 retransmit_seq=2 srtt=0.003 rttvar=0.000 rto=0.025 ready_bytes=0 upcoming_bytes=0 freq=71999134 heater_bed: target=0 temp=53.5 pwm=0.000  sysload=1.05 cputime=1727.991 memavail=6490884 print_time=123235.364 buffer_time=0.000 print_stall=0 extruder: target=0 temp=23.1 pwm=0.000
Stats 3985821.2: gcodein=0  mcu: mcu_awake=0.001 mcu_task_avg=0.000014 mcu_task_stddev=0.000008 bytes_write=16039708 bytes_read=16468363 bytes_retransmit=9 bytes_invalid=0 send_seq=500674 receive_seq=500674 retransmit_seq=2 srtt=0.003 rttvar=0.000 rto=0.025 ready_bytes=0 upcoming_bytes=0 freq=71999135 heater_bed: target=0 temp=53.5 pwm=0.000  sysload=1.05 cputime=1727.995 memavail=6475572 print_time=123235.364 buffer_time=0.000 print_stall=0 extruder: target=0 temp=23.1 pwm=0.000
Stats 3985822.2: gcodein=0  mcu: mcu_awake=0.001 mcu_task_avg=0.000014 mcu_task_stddev=0.000008 bytes_write=16039714 bytes_read=16468469 bytes_retransmit=9 bytes_invalid=0 send_seq=500675 receive_seq=500675 retransmit_seq=2 srtt=0.003 rttvar=0.000 rto=0.025 ready_bytes=0 upcoming_bytes=0 freq=71999135 heater_bed: target=0 temp=53.4 pwm=0.000  sysload=0.97 cputime=1727.999 memavail=6463320 print_time=123235.364 buffer_time=0.000 print_stall=0 extruder: target=0 temp=23.1 pwm=0.000
Stats 3985823.2: gcodein=0  mcu: mcu_awake=0.001 mcu_task_avg=0.000014 mcu_task_stddev=0.000008 bytes_write=16039720 bytes_read=16468590 bytes_retransmit=9 bytes_invalid=0 send_seq=500676 receive_seq=500676 retransmit_seq=2 srtt=0.003 rttvar=0.000 rto=0.025 ready_bytes=0 upcoming_bytes=0 freq=71999135 heater_bed: target=0 temp=53.4 pwm=0.000  sysload=0.97 cputime=1728.003 memavail=6450436 print_time=123235.364 buffer_time=0.000 print_stall=0 extruder: target=0 temp=23.1 pwm=0.000
Stats 3985824.2: gcodein=0  mcu: mcu_awake=0.001 mcu_task_avg=0.000014 mcu_task_stddev=0.000008 bytes_write=16039726 bytes_read=16468711 bytes_retransmit=9 bytes_invalid=0 send_seq=500677 receive_seq=500677 retransmit_seq=2 srtt=0.003 rttvar=0.000 rto=0.025 ready_bytes=0 upcoming_bytes=0 freq=71999135 heater_bed: target=0 temp=53.3 pwm=0.000  sysload=0.97 cputime=1728.006 memavail=6430192 print_time=123235.364 buffer_time=0.000 print_stall=0 extruder: target=0 temp=23.1 pwm=0.000
Stats 3985825.2: gcodein=0  mcu: mcu_awake=0.001 mcu_task_avg=0.000014 mcu_task_stddev=0.000008 bytes_write=16039732 bytes_read=16468817 bytes_retransmit=9 bytes_invalid=0 send_seq=500678 receive_seq=500678 retransmit_seq=2 srtt=0.003 rttvar=0.001 rto=0.025 ready_bytes=0 upcoming_bytes=0 freq=71999134 heater_bed: target=0 temp=53.3 pwm=0.000  sysload=0.97 cputime=1728.010 memavail=6414312 print_time=123235.364 buffer_time=0.000 print_stall=0 extruder: target=0 temp=23.1 pwm=0.000
Stats 3985826.2: gcodein=0  mcu: mcu_awake=0.001 mcu_task_avg=0.000013 mcu_task_stddev=0.000008 bytes_write=16039738 bytes_read=16468947 bytes_retransmit=9 bytes_invalid=0 send_seq=500679 receive_seq=500679 retransmit_seq=2 srtt=0.003 rttvar=0.001 rto=0.025 ready_bytes=0 upcoming_bytes=0 freq=71999134 heater_bed: target=0 temp=53.2 pwm=0.000  sysload=0.97 cputime=1728.014 memavail=6401264 print_time=123235.364 buffer_time=0.000 print_stall=0 extruder: target=0 temp=23.1 pwm=0.000
Stats 3985827.2: gcodein=0  mcu: mcu_awake=0.001 mcu_task_avg=0.000013 mcu_task_stddev=0.000008 bytes_write=16039744 bytes_read=16469060 bytes_retransmit=9 bytes_invalid=0 send_seq=500680 receive_seq=500680 retransmit_seq=2 srtt=0.003 rttvar=0.000 rto=0.025 ready_bytes=0 upcoming_bytes=0 freq=71999134 heater_bed: target=0 temp=53.2 pwm=0.000  sysload=1.05 cputime=1728.018 memavail=6386424 print_time=123235.364 buffer_time=0.000 print_stall=0 extruder: target=0 temp=23.1 pwm=0.000
Stats 3985828.2: gcodein=0  mcu: mcu_awake=0.001 mcu_task_avg=0.000013 mcu_task_stddev=0.000008 bytes_write=16039750 bytes_read=16469159 bytes_retransmit=9 bytes_invalid=0 send_seq=500681 receive_seq=500681 retransmit_seq=2 srtt=0.003 rttvar=0.000 rto=0.025 ready_bytes=0 upcoming_bytes=0 freq=71999134 heater_bed: target=0 temp=53.2 pwm=0.000  sysload=1.05 cputime=1728.022 memavail=6495676 print_time=123235.364 buffer_time=0.000 print_stall=0 extruder: target=0 temp=23.1 pwm=0.000
Stats 3985829.2: gcodein=0  mcu: mcu_awake=0.001 mcu_task_avg=0.000013 mcu_task_stddev=0.000008 bytes_write=16039756 bytes_read=16469272 bytes_retransmit=9 bytes_invalid=0 send_seq=500682 receive_seq=500682 retransmit_seq=2 srtt=0.003 rttvar=0.000 rto=0.025 ready_bytes=0 upcoming_bytes=0 freq=71999137 heater_bed: target=0 temp=53.1 pwm=0.000  sysload=1.05 cputime=1728.026 memavail=6489424 print_time=123235.364 buffer_time=0.000 print_stall=0 extruder: target=0 temp=23.1 pwm=0.000
Stats 3985830.2: gcodein=0  mcu: mcu_awake=0.001 mcu_task_avg=0.000013 mcu_task_stddev=0.000008 bytes_write=16039762 bytes_read=16469392 bytes_retransmit=9 bytes_invalid=0 send_seq=500683 receive_seq=500683 retransmit_seq=2 srtt=0.003 rttvar=0.000 rto=0.025 ready_bytes=0 upcoming_bytes=0 freq=71999139 heater_bed: target=0 temp=53.1 pwm=0.000  sysload=1.05 cputime=1728.031 memavail=6487248 print_time=123235.364 buffer_time=0.000 print_stall=0 extruder: target=0 temp=23.2 pwm=0.000
Stats 3985831.2: gcodein=0  mcu: mcu_awake=0.001 mcu_task_avg=0.000013 mcu_task_stddev=0.000009 bytes_write=16039768 bytes_read=16469511 bytes_retransmit=9 bytes_invalid=0 send_seq=500684 receive_seq=500684 retransmit_seq=2 srtt=0.003 rttvar=0.000 rto=0.025 ready_bytes=0 upcoming_bytes=0 freq=71999138 heater_bed: target=0 temp=53.0 pwm=0.000  sysload=1.05 cputime=1728.035 memavail=6474732 print_time=123235.364 buffer_time=0.000 print_stall=0 extruder: target=0 temp=23.1 pwm=0.000
Stats 3985832.2: gcodein=0  mcu: mcu_awake=0.001 mcu_task_avg=0.000013 mcu_task_stddev=0.000009 bytes_write=16039774 bytes_read=16469632 bytes_retransmit=9 bytes_invalid=0 send_seq=500685 receive_seq=500685 retransmit_seq=2 srtt=0.003 rttvar=0.000 rto=0.025 ready_bytes=0 upcoming_bytes=0 freq=71999139 heater_bed: target=0 temp=53.0 pwm=0.000  sysload=1.13 cputime=1728.039 memavail=6467008 print_time=123235.364 buffer_time=0.000 print_stall=0 extruder: target=0 temp=23.1 pwm=0.000
Stats 3985833.2: gcodein=0  mcu: mcu_awake=0.001 mcu_task_avg=0.000013 mcu_task_stddev=0.000009 bytes_write=16039780 bytes_read=16469753 bytes_retransmit=9 bytes_invalid=0 send_seq=500686 receive_seq=500686 retransmit_seq=2 srtt=0.003 rttvar=0.000 rto=0.025 ready_bytes=0 upcoming_bytes=0 freq=71999138 heater_bed: target=0 temp=52.9 pwm=0.000  sysload=1.13 cputime=1728.043 memavail=6448420 print_time=123235.364 buffer_time=0.000 print_stall=0 extruder: target=0 temp=23.1 pwm=0.000
Stats 3985834.2: gcodein=0  mcu: mcu_awake=0.001 mcu_task_avg=0.000013 mcu_task_stddev=0.000009 bytes_write=16039786 bytes_read=16469859 bytes_retransmit=9 bytes_invalid=0 send_seq=500687 receive_seq=500687 retransmit_seq=2 srtt=0.003 rttvar=0.000 rto=0.025 ready_bytes=0 upcoming_bytes=0 freq=71999138 heater_bed: target=0 temp=52.9 pwm=0.000  sysload=1.13 cputime=1728.047 memavail=6417204 print_time=123235.364 buffer_time=0.000 print_stall=0 extruder: target=0 temp=23.2 pwm=0.000
Stats 3985835.2: gcodein=0  mcu: mcu_awake=0.001 mcu_task_avg=0.000013 mcu_task_stddev=0.000009 bytes_write=16039792 bytes_read=16469980 bytes_retransmit=9 bytes_invalid=0 send_seq=500688 receive_seq=500688 retransmit_seq=2 srtt=0.003 rttvar=0.000 rto=0.025 ready_bytes=0 upcoming_bytes=0 freq=71999138 heater_bed: target=0 temp=52.8 pwm=0.000  sysload=1.13 cputime=1728.051 memavail=6406004 print_time=123235.364 buffer_time=0.000 print_stall=0 extruder: target=0 temp=23.1 pwm=0.000
Stats 3985836.2: gcodein=0  mcu: mcu_awake=0.001 mcu_task_avg=0.000013 mcu_task_stddev=0.000008 bytes_write=16039798 bytes_read=16470114 bytes_retransmit=9 bytes_invalid=0 send_seq=500689 receive_seq=500689 retransmit_seq=2 srtt=0.003 rttvar=0.000 rto=0.025 ready_bytes=0 upcoming_bytes=0 freq=71999137 heater_bed: target=0 temp=52.8 pwm=0.000  sysload=1.13 cputime=1728.056 memavail=6392520 print_time=123235.364 buffer_time=0.000 print_stall=0 extruder: target=0 temp=23.1 pwm=0.000
Stats 3985837.2: gcodein=0  mcu: mcu_awake=0.001 mcu_task_avg=0.000013 mcu_task_stddev=0.000008 bytes_write=16039804 bytes_read=16470220 bytes_retransmit=9 bytes_invalid=0 send_seq=500690 receive_seq=500690 retransmit_seq=2 srtt=0.003 rttvar=0.000 rto=0.025 ready_bytes=0 upcoming_bytes=0 freq=71999137 heater_bed: target=0 temp=52.8 pwm=0.000  sysload=1.04 cputime=1728.060 memavail=6374656 print_time=123235.364 buffer_time=0.000 print_stall=0 extruder: target=0 temp=23.1 pwm=0.000
Stats 3985838.2: gcodein=0  mcu: mcu_awake=0.001 mcu_task_avg=0.000013 mcu_task_stddev=0.000008 bytes_write=16039810 bytes_read=16470341 bytes_retransmit=9 bytes_invalid=0 send_seq=500691 receive_seq=500691 retransmit_seq=2 srtt=0.003 rttvar=0.000 rto=0.025 ready_bytes=0 upcoming_bytes=0 freq=71999137 heater_bed: target=0 temp=52.7 pwm=0.000  sysload=1.04 cputime=1728.064 memavail=6504392 print_time=123235.364 buffer_time=0.000 print_stall=0 extruder: target=0 temp=23.1 pwm=0.000
Stats 3985839.2: gcodein=0  mcu: mcu_awake=0.001 mcu_task_avg=0.000013 mcu_task_stddev=0.000008 bytes_write=16039816 bytes_read=16470462 bytes_retransmit=9 bytes_invalid=0 send_seq=500692 receive_seq=500692 retransmit_seq=2 srtt=0.003 rttvar=0.000 rto=0.025 ready_bytes=0 upcoming_bytes=0 freq=71999136 heater_bed: target=0 temp=52.7 pwm=0.000  sysload=1.04 cputime=1728.068 memavail=6489212 print_time=123235.364 buffer_time=0.000 print_stall=0 extruder: target=0 temp=23.1 pwm=0.000
Stats 3985840.2: gcodein=0  mcu: mcu_awake=0.001 mcu_task_avg=0.000013 mcu_task_stddev=0.000008 bytes_write=16039822 bytes_read=16470568 bytes_retransmit=9 bytes_invalid=0 send_seq=500693 receive_seq=500693 retransmit_seq=2 srtt=0.003 rttvar=0.000 rto=0.025 ready_bytes=0 upcoming_bytes=0 freq=71999136 heater_bed: target=0 temp=52.7 pwm=0.000  sysload=1.04 cputime=1728.072 memavail=6483456 print_time=123235.364 buffer_time=0.000 print_stall=0 extruder: target=0 temp=23.1 pwm=0.000
Stats 3985841.2: gcodein=0  mcu: mcu_awake=0.001 mcu_task_avg=0.000013 mcu_task_stddev=0.000009 bytes_write=16039828 bytes_read=16470702 bytes_retransmit=9 bytes_invalid=0 send_seq=500694 receive_seq=500694 retransmit_seq=2 srtt=0.003 rttvar=0.000 rto=0.025 ready_bytes=0 upcoming_bytes=0 freq=71999140 heater_bed: target=0 temp=52.6 pwm=0.000  sysload=1.04 cputime=1728.077 memavail=6472956 print_time=123235.364 buffer_time=0.000 print_stall=0 extruder: target=0 temp=23.1 pwm=0.000
Stats 3985842.2: gcodein=0  mcu: mcu_awake=0.001 mcu_task_avg=0.000013 mcu_task_stddev=0.000009 bytes_write=16039834 bytes_read=16470823 bytes_retransmit=9 bytes_invalid=0 send_seq=500695 receive_seq=500695 retransmit_seq=2 srtt=0.003 rttvar=0.000 rto=0.025 ready_bytes=0 upcoming_bytes=0 freq=71999140 heater_bed: target=0 temp=52.6 pwm=0.000  sysload=0.95 cputime=1728.081 memavail=6457388 print_time=123235.364 buffer_time=0.000 print_stall=0 extruder: target=0 temp=23.1 pwm=0.000
Stats 3985843.2: gcodein=0  mcu: mcu_awake=0.001 mcu_task_avg=0.000013 mcu_task_stddev=0.000009 bytes_write=16039840 bytes_read=16470929 bytes_retransmit=9 bytes_invalid=0 send_seq=500696 receive_seq=500696 retransmit_seq=2 srtt=0.003 rttvar=0.000 rto=0.025 ready_bytes=0 upcoming_bytes=0 freq=71999139 heater_bed: target=0 temp=52.6 pwm=0.000  sysload=0.95 cputime=1728.085 memavail=6427444 print_time=123235.364 buffer_time=0.000 print_stall=0 extruder: target=0 temp=23.1 pwm=0.000
Stats 3985844.2: gcodein=0  mcu: mcu_awake=0.001 mcu_task_avg=0.000013 mcu_task_stddev=0.000009 bytes_write=16039846 bytes_read=16471050 bytes_retransmit=9 bytes_invalid=0 send_seq=500697 receive_seq=500697 retransmit_seq=2 srtt=0.003 rttvar=0.000 rto=0.025 ready_bytes=0 upcoming_bytes=0 freq=71999139 heater_bed: target=0 temp=52.5 pwm=0.000  sysload=0.95 cputime=1728.089 memavail=6416468 print_time=123235.364 buffer_time=0.000 print_stall=0 extruder: target=0 temp=23.1 pwm=0.000
Stats 3985845.2: gcodein=0  mcu: mcu_awake=0.001 mcu_task_avg=0.000013 mcu_task_stddev=0.000009 bytes_write=16039852 bytes_read=16471171 bytes_retransmit=9 bytes_invalid=0 send_seq=500698 receive_seq=500698 retransmit_seq=2 srtt=0.003 rttvar=0.000 rto=0.025 ready_bytes=0 upcoming_bytes=0 freq=71999139 heater_bed: target=0 temp=52.4 pwm=0.000  sysload=0.95 cputime=1728.092 memavail=6401128 print_time=123235.364 buffer_time=0.000 print_stall=0 extruder: target=0 temp=23.1 pwm=0.000
Stats 3985846.2: gcodein=0  mcu: mcu_awake=0.001 mcu_task_avg=0.000014 mcu_task_stddev=0.000008 bytes_write=16039858 bytes_read=16471290 bytes_retransmit=9 bytes_invalid=0 send_seq=500699 receive_seq=500699 retransmit_seq=2 srtt=0.003 rttvar=0.000 rto=0.025 ready_bytes=0 upcoming_bytes=0 freq=71999139 heater_bed: target=0 temp=52.4 pwm=0.000  sysload=0.95 cputime=1728.096 memavail=6387772 print_time=123235.364 buffer_time=0.000 print_stall=0 extruder: target=0 temp=23.1 pwm=0.000
Stats 3985847.2: gcodein=0  mcu: mcu_awake=0.001 mcu_task_avg=0.000014 mcu_task_stddev=0.000008 bytes_write=16039864 bytes_read=16471411 bytes_retransmit=9 bytes_invalid=0 send_seq=500700 receive_seq=500700 retransmit_seq=2 srtt=0.003 rttvar=0.000 rto=0.025 ready_bytes=0 upcoming_bytes=0 freq=71999138 heater_bed: target=0 temp=52.3 pwm=0.000  sysload=0.88 cputime=1728.100 memavail=6367432 print_time=123235.364 buffer_time=0.000 print_stall=0 extruder: target=0 temp=23.1 pwm=0.000
Stats 3985848.2: gcodein=0  mcu: mcu_awake=0.001 mcu_task_avg=0.000014 mcu_task_stddev=0.000008 bytes_write=16039870 bytes_read=16471532 bytes_retransmit=9 bytes_invalid=0 send_seq=500701 receive_seq=500701 retransmit_seq=2 srtt=0.003 rttvar=0.000 rto=0.025 ready_bytes=0 upcoming_bytes=0 freq=71999138 heater_bed: target=0 temp=52.3 pwm=0.000  sysload=0.88 cputime=1728.104 memavail=6485348 print_time=123235.364 buffer_time=0.000 print_stall=0 extruder: target=0 temp=23.1 pwm=0.000
Stats 3985849.2: gcodein=0  mcu: mcu_awake=0.001 mcu_task_avg=0.000014 mcu_task_stddev=0.000008 bytes_write=16039876 bytes_read=16471638 bytes_retransmit=9 bytes_invalid=0 send_seq=500702 receive_seq=500702 retransmit_seq=2 srtt=0.003 rttvar=0.000 rto=0.025 ready_bytes=0 upcoming_bytes=0 freq=71999138 heater_bed: target=0 temp=52.3 pwm=0.000  sysload=0.88 cputime=1728.108 memavail=6478608 print_time=123235.364 buffer_time=0.000 print_stall=0 extruder: target=0 temp=23.1 pwm=0.000
Stats 3985850.2: gcodein=0  mcu: mcu_awake=0.001 mcu_task_avg=0.000014 mcu_task_stddev=0.000008 bytes_write=16039882 bytes_read=16471759 bytes_retransmit=9 bytes_invalid=0 send_seq=500703 receive_seq=500703 retransmit_seq=2 srtt=0.003 rttvar=0.000 rto=0.025 ready_bytes=0 upcoming_bytes=0 freq=71999137 heater_bed: target=0 temp=52.2 pwm=0.000  sysload=0.88 cputime=1728.112 memavail=6477908 print_time=123235.364 buffer_time=0.000 print_stall=0 extruder: target=0 temp=23.1 pwm=0.000
Stats 3985851.2: gcodein=0  mcu: mcu_awake=0.001 mcu_task_avg=0.000014 mcu_task_stddev=0.000008 bytes_write=16039888 bytes_read=16471893 bytes_retransmit=9 bytes_invalid=0 send_seq=500704 receive_seq=500704 retransmit_seq=2 srtt=0.003 rttvar=0.000 rto=0.025 ready_bytes=0 upcoming_bytes=0 freq=71999137 heater_bed: target=0 temp=52.2 pwm=0.000  sysload=0.88 cputime=1728.116 memavail=6465560 print_time=123235.364 buffer_time=0.000 print_stall=0 extruder: target=0 temp=23.1 pwm=0.000
Stats 3985852.2: gcodein=0  mcu: mcu_awake=0.001 mcu_task_avg=0.000014 mcu_task_stddev=0.000008 bytes_write=16039894 bytes_read=16471999 bytes_retransmit=9 bytes_invalid=0 send_seq=500705 receive_seq=500705 retransmit_seq=2 srtt=0.003 rttvar=0.000 rto=0.025 ready_bytes=0 upcoming_bytes=0 freq=71999137 heater_bed: target=0 temp=52.1 pwm=0.000  sysload=0.89 cputime=1728.121 memavail=6440192 print_time=123235.364 buffer_time=0.000 print_stall=0 extruder: target=0 temp=23.1 pwm=0.000
Stats 3985853.2: gcodein=0  mcu: mcu_awake=0.001 mcu_task_avg=0.000014 mcu_task_stddev=0.000008 bytes_write=16039900 bytes_read=16472120 bytes_retransmit=9 bytes_invalid=0 send_seq=500706 receive_seq=500706 retransmit_seq=2 srtt=0.003 rttvar=0.000 rto=0.025 ready_bytes=0 upcoming_bytes=0 freq=71999137 heater_bed: target=0 temp=52.1 pwm=0.000  sysload=0.89 cputime=1728.125 memavail=6422184 print_time=123235.364 buffer_time=0.000 print_stall=0 extruder: target=0 temp=23.1 pwm=0.000
Stats 3985854.2: gcodein=0  mcu: mcu_awake=0.001 mcu_task_avg=0.000014 mcu_task_stddev=0.000008 bytes_write=16039906 bytes_read=16472241 bytes_retransmit=9 bytes_invalid=0 send_seq=500707 receive_seq=500707 retransmit_seq=2 srtt=0.003 rttvar=0.000 rto=0.025 ready_bytes=0 upcoming_bytes=0 freq=71999137 heater_bed: target=0 temp=52.1 pwm=0.000  sysload=0.89 cputime=1728.129 memavail=6409388 print_time=123235.364 buffer_time=0.000 print_stall=0 extruder: target=0 temp=23.0 pwm=0.000
Stats 3985855.2: gcodein=0  mcu: mcu_awake=0.001 mcu_task_avg=0.000014 mcu_task_stddev=0.000008 bytes_write=16039912 bytes_read=16472347 bytes_retransmit=9 bytes_invalid=0 send_seq=500708 receive_seq=500708 retransmit_seq=2 srtt=0.003 rttvar=0.000 rto=0.025 ready_bytes=0 upcoming_bytes=0 freq=71999136 heater_bed: target=0 temp=52.0 pwm=0.000  sysload=0.89 cputime=1728.133 memavail=6393292 print_time=123235.364 buffer_time=0.000 print_stall=0 extruder: target=0 temp=23.1 pwm=0.000
Stats 3985856.2: gcodein=0  mcu: mcu_awake=0.001 mcu_task_avg=0.000014 mcu_task_stddev=0.000009 bytes_write=16039918 bytes_read=16472481 bytes_retransmit=9 bytes_invalid=0 send_seq=500709 receive_seq=500709 retransmit_seq=2 srtt=0.003 rttvar=0.000 rto=0.025 ready_bytes=0 upcoming_bytes=0 freq=71999136 heater_bed: target=0 temp=52.0 pwm=0.000  sysload=0.89 cputime=1728.137 memavail=6375548 print_time=123235.364 buffer_time=0.000 print_stall=0 extruder: target=0 temp=23.1 pwm=0.000
Stats 3985857.2: gcodein=0  mcu: mcu_awake=0.001 mcu_task_avg=0.000014 mcu_task_stddev=0.000009 bytes_write=16039924 bytes_read=16472602 bytes_retransmit=9 bytes_invalid=0 send_seq=500710 receive_seq=500710 retransmit_seq=2 srtt=0.003 rttvar=0.000 rto=0.025 ready_bytes=0 upcoming_bytes=0 freq=71999137 heater_bed: target=0 temp=51.9 pwm=0.000  sysload=0.98 cputime=1728.141 memavail=6348056 print_time=123235.364 buffer_time=0.000 print_stall=0 extruder: target=0 temp=23.1 pwm=0.000
Stats 3985858.2: gcodein=0  mcu: mcu_awake=0.001 mcu_task_avg=0.000014 mcu_task_stddev=0.000009 bytes_write=16039930 bytes_read=16472708 bytes_retransmit=9 bytes_invalid=0 send_seq=500711 receive_seq=500711 retransmit_seq=2 srtt=0.003 rttvar=0.000 rto=0.025 ready_bytes=0 upcoming_bytes=0 freq=71999138 heater_bed: target=0 temp=51.9 pwm=0.000  sysload=0.98 cputime=1728.145 memavail=6483944 print_time=123235.364 buffer_time=0.000 print_stall=0 extruder: target=0 temp=23.2 pwm=0.000
Stats 3985859.2: gcodein=0  mcu: mcu_awake=0.001 mcu_task_avg=0.000014 mcu_task_stddev=0.000009 bytes_write=16039936 bytes_read=16472829 bytes_retransmit=9 bytes_invalid=0 send_seq=500712 receive_seq=500712 retransmit_seq=2 srtt=0.003 rttvar=0.000 rto=0.025 ready_bytes=0 upcoming_bytes=0 freq=71999137 heater_bed: target=0 temp=51.9 pwm=0.000  sysload=0.98 cputime=1728.149 memavail=6476312 print_time=123235.364 buffer_time=0.000 print_stall=0 extruder: target=0 temp=23.1 pwm=0.000
Stats 3985860.2: gcodein=0  mcu: mcu_awake=0.001 mcu_task_avg=0.000014 mcu_task_stddev=0.000009 bytes_write=16039942 bytes_read=16472950 bytes_retransmit=9 bytes_invalid=0 send_seq=500713 receive_seq=500713 retransmit_seq=2 srtt=0.003 rttvar=0.000 rto=0.025 ready_bytes=0 upcoming_bytes=0 freq=71999137 heater_bed: target=0 temp=51.9 pwm=0.000  sysload=0.98 cputime=1728.153 memavail=6466120 print_time=123235.364 buffer_time=0.000 print_stall=0 extruder: target=0 temp=23.1 pwm=0.000
Stats 3985861.2: gcodein=0  mcu: mcu_awake=0.001 mcu_task_avg=0.000013 mcu_task_stddev=0.000008 bytes_write=16039948 bytes_read=16473069 bytes_retransmit=9 bytes_invalid=0 send_seq=500714 receive_seq=500714 retransmit_seq=2 srtt=0.003 rttvar=0.000 rto=0.025 ready_bytes=0 upcoming_bytes=0 freq=71999137 heater_bed: target=0 temp=51.7 pwm=0.000  sysload=0.98 cputime=1728.157 memavail=6456684 print_time=123235.364 buffer_time=0.000 print_stall=0 extruder: target=0 temp=23.1 pwm=0.000
Stats 3985862.2: gcodein=0  mcu: mcu_awake=0.001 mcu_task_avg=0.000013 mcu_task_stddev=0.000008 bytes_write=16039954 bytes_read=16473190 bytes_retransmit=9 bytes_invalid=0 send_seq=500715 receive_seq=500715 retransmit_seq=2 srtt=0.003 rttvar=0.000 rto=0.025 ready_bytes=0 upcoming_bytes=0 freq=71999138 heater_bed: target=0 temp=51.7 pwm=0.000  sysload=1.30 cputime=1728.162 memavail=6430364 print_time=123235.364 buffer_time=0.000 print_stall=0 extruder: target=0 temp=23.1 pwm=0.000
Stats 3985863.2: gcodein=0  mcu: mcu_awake=0.001 mcu_task_avg=0.000013 mcu_task_stddev=0.000008 bytes_write=16039960 bytes_read=16473311 bytes_retransmit=9 bytes_invalid=0 send_seq=500716 receive_seq=500716 retransmit_seq=2 srtt=0.003 rttvar=0.000 rto=0.025 ready_bytes=0 upcoming_bytes=0 freq=71999138 heater_bed: target=0 temp=51.7 pwm=0.000  sysload=1.30 cputime=1728.167 memavail=6414772 print_time=123235.364 buffer_time=0.000 print_stall=0 extruder: target=0 temp=23.1 pwm=0.000
Stats 3985864.2: gcodein=0  mcu: mcu_awake=0.001 mcu_task_avg=0.000013 mcu_task_stddev=0.000008 bytes_write=16039966 bytes_read=16473417 bytes_retransmit=9 bytes_invalid=0 send_seq=500717 receive_seq=500717 retransmit_seq=2 srtt=0.003 rttvar=0.000 rto=0.025 ready_bytes=0 upcoming_bytes=0 freq=71999138 heater_bed: target=0 temp=51.6 pwm=0.000  sysload=1.30 cputime=1728.170 memavail=6399176 print_time=123235.364 buffer_time=0.000 print_stall=0 extruder: target=0 temp=23.1 pwm=0.000
Stats 3985865.2: gcodein=0  mcu: mcu_awake=0.001 mcu_task_avg=0.000013 mcu_task_stddev=0.000008 bytes_write=16039972 bytes_read=16473538 bytes_retransmit=9 bytes_invalid=0 send_seq=500718 receive_seq=500718 retransmit_seq=2 srtt=0.003 rttvar=0.000 rto=0.025 ready_bytes=0 upcoming_bytes=0 freq=71999139 heater_bed: target=0 temp=51.6 pwm=0.000  sysload=1.30 cputime=1728.174 memavail=6384392 print_time=123235.364 buffer_time=0.000 print_stall=0 extruder: target=0 temp=23.1 pwm=0.000
Stats 3985866.2: gcodein=0  mcu: mcu_awake=0.001 mcu_task_avg=0.000013 mcu_task_stddev=0.000008 bytes_write=16039978 bytes_read=16473672 bytes_retransmit=9 bytes_invalid=0 send_seq=500719 receive_seq=500719 retransmit_seq=2 srtt=0.003 rttvar=0.000 rto=0.025 ready_bytes=0 upcoming_bytes=0 freq=71999139 heater_bed: target=0 temp=51.5 pwm=0.000  sysload=1.30 cputime=1728.179 memavail=6355592 print_time=123235.364 buffer_time=0.000 print_stall=0 extruder: target=0 temp=23.2 pwm=0.000
Stats 3985867.2: gcodein=0  mcu: mcu_awake=0.001 mcu_task_avg=0.000013 mcu_task_stddev=0.000008 bytes_write=16039984 bytes_read=16473778 bytes_retransmit=9 bytes_invalid=0 send_seq=500720 receive_seq=500720 retransmit_seq=2 srtt=0.003 rttvar=0.000 rto=0.025 ready_bytes=0 upcoming_bytes=0 freq=71999139 heater_bed: target=0 temp=51.6 pwm=0.000  sysload=1.19 cputime=1728.183 memavail=6343844 print_time=123235.364 buffer_time=0.000 print_stall=0 extruder: target=0 temp=23.1 pwm=0.000
Stats 3985868.2: gcodein=0  mcu: mcu_awake=0.001 mcu_task_avg=0.000013 mcu_task_stddev=0.000008 bytes_write=16039990 bytes_read=16473899 bytes_retransmit=9 bytes_invalid=0 send_seq=500721 receive_seq=500721 retransmit_seq=2 srtt=0.003 rttvar=0.000 rto=0.025 ready_bytes=0 upcoming_bytes=0 freq=71999138 heater_bed: target=0 temp=51.5 pwm=0.000  sysload=1.19 cputime=1728.187 memavail=6558868 print_time=123235.364 buffer_time=0.000 print_stall=0 extruder: target=0 temp=23.1 pwm=0.000
Stats 3985869.2: gcodein=0  mcu: mcu_awake=0.001 mcu_task_avg=0.000013 mcu_task_stddev=0.000008 bytes_write=16039996 bytes_read=16474020 bytes_retransmit=9 bytes_invalid=0 send_seq=500722 receive_seq=500722 retransmit_seq=2 srtt=0.003 rttvar=0.000 rto=0.025 ready_bytes=0 upcoming_bytes=0 freq=71999138 heater_bed: target=0 temp=51.5 pwm=0.000  sysload=1.19 cputime=1728.191 memavail=6547024 print_time=123235.364 buffer_time=0.000 print_stall=0 extruder: target=0 temp=23.1 pwm=0.000
Stats 3985870.2: gcodein=0  mcu: mcu_awake=0.001 mcu_task_avg=0.000013 mcu_task_stddev=0.000008 bytes_write=16040002 bytes_read=16474126 bytes_retransmit=9 bytes_invalid=0 send_seq=500723 receive_seq=500723 retransmit_seq=2 srtt=0.003 rttvar=0.000 rto=0.025 ready_bytes=0 upcoming_bytes=0 freq=71999138 heater_bed: target=0 temp=51.4 pwm=0.000  sysload=1.19 cputime=1728.195 memavail=6534228 print_time=123235.364 buffer_time=0.000 print_stall=0 extruder: target=0 temp=23.1 pwm=0.000
Stats 3985871.2: gcodein=0  mcu: mcu_awake=0.001 mcu_task_avg=0.000013 mcu_task_stddev=0.000008 bytes_write=16040008 bytes_read=16474260 bytes_retransmit=9 bytes_invalid=0 send_seq=500724 receive_seq=500724 retransmit_seq=2 srtt=0.003 rttvar=0.000 rto=0.025 ready_bytes=0 upcoming_bytes=0 freq=71999139 heater_bed: target=0 temp=51.3 pwm=0.000  sysload=1.19 cputime=1728.199 memavail=6520940 print_time=123235.364 buffer_time=0.000 print_stall=0 extruder: target=0 temp=23.1 pwm=0.000
Stats 3985872.2: gcodein=0  mcu: mcu_awake=0.001 mcu_task_avg=0.000013 mcu_task_stddev=0.000008 bytes_write=16040014 bytes_read=16474381 bytes_retransmit=9 bytes_invalid=0 send_seq=500725 receive_seq=500725 retransmit_seq=2 srtt=0.003 rttvar=0.000 rto=0.025 ready_bytes=0 upcoming_bytes=0 freq=71999138 heater_bed: target=0 temp=51.3 pwm=0.000  sysload=1.10 cputime=1728.203 memavail=6505456 print_time=123235.364 buffer_time=0.000 print_stall=0 extruder: target=0 temp=23.1 pwm=0.000
Stats 3985873.2: gcodein=0  mcu: mcu_awake=0.001 mcu_task_avg=0.000013 mcu_task_stddev=0.000008 bytes_write=16040020 bytes_read=16474487 bytes_retransmit=9 bytes_invalid=0 send_seq=500726 receive_seq=500726 retransmit_seq=2 srtt=0.003 rttvar=0.000 rto=0.025 ready_bytes=0 upcoming_bytes=0 freq=71999139 heater_bed: target=0 temp=51.3 pwm=0.000  sysload=1.10 cputime=1728.207 memavail=6491852 print_time=123235.364 buffer_time=0.000 print_stall=0 extruder: target=0 temp=23.0 pwm=0.000
Stats 3985874.2: gcodein=0  mcu: mcu_awake=0.001 mcu_task_avg=0.000013 mcu_task_stddev=0.000008 bytes_write=16040026 bytes_read=16474608 bytes_retransmit=9 bytes_invalid=0 send_seq=500727 receive_seq=500727 retransmit_seq=2 srtt=0.003 rttvar=0.000 rto=0.025 ready_bytes=0 upcoming_bytes=0 freq=71999139 heater_bed: target=0 temp=51.3 pwm=0.000  sysload=1.10 cputime=1728.211 memavail=6473264 print_time=123235.364 buffer_time=0.000 print_stall=0 extruder: target=0 temp=23.1 pwm=0.000
Stats 3985875.2: gcodein=0  mcu: mcu_awake=0.001 mcu_task_avg=0.000013 mcu_task_stddev=0.000008 bytes_write=16040032 bytes_read=16474729 bytes_retransmit=9 bytes_invalid=0 send_seq=500728 receive_seq=500728 retransmit_seq=2 srtt=0.003 rttvar=0.000 rto=0.025 ready_bytes=0 upcoming_bytes=0 freq=71999139 heater_bed: target=0 temp=51.2 pwm=0.000  sysload=1.10 cputime=1728.215 memavail=6448244 print_time=123235.364 buffer_time=0.000 print_stall=0 extruder: target=0 temp=23.0 pwm=0.000
Stats 3985876.2: gcodein=0  mcu: mcu_awake=0.001 mcu_task_avg=0.000013 mcu_task_stddev=0.000008 bytes_write=16040038 bytes_read=16474835 bytes_retransmit=9 bytes_invalid=0 send_seq=500729 receive_seq=500729 retransmit_seq=2 srtt=0.003 rttvar=0.000 rto=0.025 ready_bytes=0 upcoming_bytes=0 freq=71999138 heater_bed: target=0 temp=51.2 pwm=0.000  sysload=1.10 cputime=1728.218 memavail=6422428 print_time=123235.364 buffer_time=0.000 print_stall=0 extruder: target=0 temp=23.1 pwm=0.000
Stats 3985877.2: gcodein=0  mcu: mcu_awake=0.001 mcu_task_avg=0.000014 mcu_task_stddev=0.000009 bytes_write=16040044 bytes_read=16474969 bytes_retransmit=9 bytes_invalid=0 send_seq=500730 receive_seq=500730 retransmit_seq=2 srtt=0.003 rttvar=0.000 rto=0.025 ready_bytes=0 upcoming_bytes=0 freq=71999138 heater_bed: target=0 temp=51.2 pwm=0.000  sysload=1.17 cputime=1728.223 memavail=6413376 print_time=123235.364 buffer_time=0.000 print_stall=0 extruder: target=0 temp=23.1 pwm=0.000
Stats 3985878.2: gcodein=0  mcu: mcu_awake=0.001 mcu_task_avg=0.000014 mcu_task_stddev=0.000009 bytes_write=16040056 bytes_read=16475106 bytes_retransmit=9 bytes_invalid=0 send_seq=500732 receive_seq=500732 retransmit_seq=2 srtt=0.003 rttvar=0.000 rto=0.025 ready_bytes=0 upcoming_bytes=0 freq=71999141 heater_bed: target=0 temp=51.1 pwm=0.000  sysload=1.17 cputime=1728.227 memavail=6542708 print_time=123235.364 buffer_time=0.000 print_stall=0 extruder: target=0 temp=23.1 pwm=0.000
Stats 3985879.2: gcodein=0  mcu: mcu_awake=0.001 mcu_task_avg=0.000014 mcu_task_stddev=0.000009 bytes_write=16040062 bytes_read=16475212 bytes_retransmit=9 bytes_invalid=0 send_seq=500733 receive_seq=500733 retransmit_seq=2 srtt=0.003 rttvar=0.000 rto=0.025 ready_bytes=0 upcoming_bytes=0 freq=71999141 heater_bed: target=0 temp=51.1 pwm=0.000  sysload=1.17 cputime=1728.231 memavail=6536772 print_time=123235.364 buffer_time=0.000 print_stall=0 extruder: target=0 temp=23.1 pwm=0.000
Stats 3985880.2: gcodein=0  mcu: mcu_awake=0.001 mcu_task_avg=0.000014 mcu_task_stddev=0.000009 bytes_write=16040068 bytes_read=16475333 bytes_retransmit=9 bytes_invalid=0 send_seq=500734 receive_seq=500734 retransmit_seq=2 srtt=0.003 rttvar=0.000 rto=0.025 ready_bytes=0 upcoming_bytes=0 freq=71999141 heater_bed: target=0 temp=51.0 pwm=0.000  sysload=1.17 cputime=1728.235 memavail=6511196 print_time=123235.364 buffer_time=0.000 print_stall=0 extruder: target=0 temp=23.0 pwm=0.000
Stats 3985881.2: gcodein=0  mcu: mcu_awake=0.001 mcu_task_avg=0.000014 mcu_task_stddev=0.000009 bytes_write=16040074 bytes_read=16475454 bytes_retransmit=9 bytes_invalid=0 send_seq=500735 receive_seq=500735 retransmit_seq=2 srtt=0.003 rttvar=0.000 rto=0.025 ready_bytes=0 upcoming_bytes=0 freq=71999141 heater_bed: target=0 temp=51.0 pwm=0.000  sysload=1.17 cputime=1728.239 memavail=6501984 print_time=123235.364 buffer_time=0.000 print_stall=0 extruder: target=0 temp=23.1 pwm=0.000
Stats 3985882.2: gcodein=0  mcu: mcu_awake=0.001 mcu_task_avg=0.000013 mcu_task_stddev=0.000008 bytes_write=16040080 bytes_read=16475573 bytes_retransmit=9 bytes_invalid=0 send_seq=500736 receive_seq=500736 retransmit_seq=2 srtt=0.003 rttvar=0.000 rto=0.025 ready_bytes=0 upcoming_bytes=0 freq=71999140 heater_bed: target=0 temp=51.0 pwm=0.000  sysload=1.32 cputime=1728.243 memavail=6492944 print_time=123235.364 buffer_time=0.000 print_stall=0 extruder: target=0 temp=23.1 pwm=0.000
Stats 3985883.2: gcodein=0  mcu: mcu_awake=0.001 mcu_task_avg=0.000013 mcu_task_stddev=0.000008 bytes_write=16040086 bytes_read=16475694 bytes_retransmit=9 bytes_invalid=0 send_seq=500737 receive_seq=500737 retransmit_seq=2 srtt=0.003 rttvar=0.000 rto=0.025 ready_bytes=0 upcoming_bytes=0 freq=71999140 heater_bed: target=0 temp=50.9 pwm=0.000  sysload=1.32 cputime=1728.247 memavail=6480660 print_time=123235.364 buffer_time=0.000 print_stall=0 extruder: target=0 temp=23.1 pwm=0.000
Stats 3985884.2: gcodein=0  mcu: mcu_awake=0.001 mcu_task_avg=0.000013 mcu_task_stddev=0.000008 bytes_write=16040092 bytes_read=16475815 bytes_retransmit=9 bytes_invalid=0 send_seq=500738 receive_seq=500738 retransmit_seq=2 srtt=0.003 rttvar=0.000 rto=0.025 ready_bytes=0 upcoming_bytes=0 freq=71999140 heater_bed: target=0 temp=50.9 pwm=0.000  sysload=1.32 cputime=1728.251 memavail=6460732 print_time=123235.364 buffer_time=0.000 print_stall=0 extruder: target=0 temp=23.1 pwm=0.000
Stats 3985885.2: gcodein=0  mcu: mcu_awake=0.001 mcu_task_avg=0.000013 mcu_task_stddev=0.000008 bytes_write=16040098 bytes_read=16475921 bytes_retransmit=9 bytes_invalid=0 send_seq=500739 receive_seq=500739 retransmit_seq=2 srtt=0.003 rttvar=0.000 rto=0.025 ready_bytes=0 upcoming_bytes=0 freq=71999142 heater_bed: target=0 temp=50.9 pwm=0.000  sysload=1.32 cputime=1728.256 memavail=6427844 print_time=123235.364 buffer_time=0.000 print_stall=0 extruder: target=0 temp=23.1 pwm=0.000
Stats 3985886.2: gcodein=0  mcu: mcu_awake=0.001 mcu_task_avg=0.000013 mcu_task_stddev=0.000008 bytes_write=16040104 bytes_read=16476035 bytes_retransmit=9 bytes_invalid=0 send_seq=500740 receive_seq=500740 retransmit_seq=2 srtt=0.003 rttvar=0.000 rto=0.025 ready_bytes=0 upcoming_bytes=0 freq=71999142 heater_bed: target=0 temp=50.8 pwm=0.000  sysload=1.32 cputime=1728.260 memavail=6414008 print_time=123235.364 buffer_time=0.000 print_stall=0 extruder: target=0 temp=23.1 pwm=0.000
Stats 3985887.3: gcodein=0  mcu: mcu_awake=0.001 mcu_task_avg=0.000013 mcu_task_stddev=0.000008 bytes_write=16040110 bytes_read=16476160 bytes_retransmit=9 bytes_invalid=0 send_seq=500741 receive_seq=500741 retransmit_seq=2 srtt=0.003 rttvar=0.000 rto=0.025 ready_bytes=0 upcoming_bytes=0 freq=71999142 heater_bed: target=0 temp=50.8 pwm=0.000  sysload=1.37 cputime=1728.264 memavail=6399012 print_time=123235.364 buffer_time=0.000 print_stall=0 extruder: target=0 temp=23.1 pwm=0.000
Stats 3985888.3: gcodein=0  mcu: mcu_awake=0.001 mcu_task_avg=0.000013 mcu_task_stddev=0.000008 bytes_write=16040116 bytes_read=16476259 bytes_retransmit=9 bytes_invalid=0 send_seq=500742 receive_seq=500742 retransmit_seq=2 srtt=0.003 rttvar=0.000 rto=0.025 ready_bytes=0 upcoming_bytes=0 freq=71999144 heater_bed: target=0 temp=50.7 pwm=0.000  sysload=1.37 cputime=1728.268 memavail=6535468 print_time=123235.364 buffer_time=0.000 print_stall=0 extruder: target=0 temp=23.1 pwm=0.000
Stats 3985889.3: gcodein=0  mcu: mcu_awake=0.001 mcu_task_avg=0.000013 mcu_task_stddev=0.000008 bytes_write=16040122 bytes_read=16476373 bytes_retransmit=9 bytes_invalid=0 send_seq=500743 receive_seq=500743 retransmit_seq=2 srtt=0.003 rttvar=0.000 rto=0.025 ready_bytes=0 upcoming_bytes=0 freq=71999143 heater_bed: target=0 temp=50.7 pwm=0.000  sysload=1.37 cputime=1728.273 memavail=6518396 print_time=123235.364 buffer_time=0.000 print_stall=0 extruder: target=0 temp=23.1 pwm=0.000
Stats 3985890.3: gcodein=0  mcu: mcu_awake=0.001 mcu_task_avg=0.000013 mcu_task_stddev=0.000008 bytes_write=16040128 bytes_read=16476494 bytes_retransmit=9 bytes_invalid=0 send_seq=500744 receive_seq=500744 retransmit_seq=2 srtt=0.003 rttvar=0.000 rto=0.025 ready_bytes=0 upcoming_bytes=0 freq=71999143 heater_bed: target=0 temp=50.7 pwm=0.000  sysload=1.37 cputime=1728.277 memavail=6496636 print_time=123235.364 buffer_time=0.000 print_stall=0 extruder: target=0 temp=23.1 pwm=0.000
Stats 3985891.3: gcodein=0  mcu: mcu_awake=0.001 mcu_task_avg=0.000013 mcu_task_stddev=0.000008 bytes_write=16040134 bytes_read=16476600 bytes_retransmit=9 bytes_invalid=0 send_seq=500745 receive_seq=500745 retransmit_seq=2 srtt=0.003 rttvar=0.000 rto=0.025 ready_bytes=0 upcoming_bytes=0 freq=71999143 heater_bed: target=0 temp=50.6 pwm=0.000  sysload=1.37 cputime=1728.281 memavail=6492348 print_time=123235.364 buffer_time=0.000 print_stall=0 extruder: target=0 temp=23.1 pwm=0.000
Stats 3985892.3: gcodein=0  mcu: mcu_awake=0.001 mcu_task_avg=0.000013 mcu_task_stddev=0.000008 bytes_write=16040140 bytes_read=16476734 bytes_retransmit=9 bytes_invalid=0 send_seq=500746 receive_seq=500746 retransmit_seq=2 srtt=0.003 rttvar=0.000 rto=0.025 ready_bytes=0 upcoming_bytes=0 freq=71999142 heater_bed: target=0 temp=50.6 pwm=0.000  sysload=1.26 cputime=1728.286 memavail=6480532 print_time=123235.364 buffer_time=0.000 print_stall=0 extruder: target=0 temp=23.1 pwm=0.000
Stats 3985893.3: gcodein=0  mcu: mcu_awake=0.001 mcu_task_avg=0.000013 mcu_task_stddev=0.000008 bytes_write=16040146 bytes_read=16476855 bytes_retransmit=9 bytes_invalid=0 send_seq=500747 receive_seq=500747 retransmit_seq=2 srtt=0.003 rttvar=0.000 rto=0.025 ready_bytes=0 upcoming_bytes=0 freq=71999142 heater_bed: target=0 temp=50.6 pwm=0.000  sysload=1.26 cputime=1728.291 memavail=6462140 print_time=123235.364 buffer_time=0.000 print_stall=0 extruder: target=0 temp=23.1 pwm=0.000
Stats 3985894.3: gcodein=0  mcu: mcu_awake=0.001 mcu_task_avg=0.000013 mcu_task_stddev=0.000008 bytes_write=16040152 bytes_read=16476961 bytes_retransmit=9 bytes_invalid=0 send_seq=500748 receive_seq=500748 retransmit_seq=2 srtt=0.003 rttvar=0.000 rto=0.025 ready_bytes=0 upcoming_bytes=0 freq=71999142 heater_bed: target=0 temp=50.5 pwm=0.000  sysload=1.26 cputime=1728.295 memavail=6444108 print_time=123235.364 buffer_time=0.000 print_stall=0 extruder: target=0 temp=23.0 pwm=0.000
Stats 3985895.3: gcodein=0  mcu: mcu_awake=0.001 mcu_task_avg=0.000013 mcu_task_stddev=0.000008 bytes_write=16040158 bytes_read=16477082 bytes_retransmit=9 bytes_invalid=0 send_seq=500749 receive_seq=500749 retransmit_seq=2 srtt=0.003 rttvar=0.000 rto=0.025 ready_bytes=0 upcoming_bytes=0 freq=71999143 heater_bed: target=0 temp=50.5 pwm=0.000  sysload=1.26 cputime=1728.298 memavail=6420312 print_time=123235.364 buffer_time=0.000 print_stall=0 extruder: target=0 temp=23.1 pwm=0.000
Stats 3985896.3: gcodein=0  mcu: mcu_awake=0.001 mcu_task_avg=0.000013 mcu_task_stddev=0.000008 bytes_write=16040164 bytes_read=16477203 bytes_retransmit=9 bytes_invalid=0 send_seq=500750 receive_seq=500750 retransmit_seq=2 srtt=0.003 rttvar=0.000 rto=0.025 ready_bytes=0 upcoming_bytes=0 freq=71999142 heater_bed: target=0 temp=50.4 pwm=0.000  sysload=1.26 cputime=1728.303 memavail=6407528 print_time=123235.364 buffer_time=0.000 print_stall=0 extruder: target=0 temp=23.1 pwm=0.000
Stats 3985897.3: gcodein=0  mcu: mcu_awake=0.001 mcu_task_avg=0.000013 mcu_task_stddev=0.000008 bytes_write=16040170 bytes_read=16477322 bytes_retransmit=9 bytes_invalid=0 send_seq=500751 receive_seq=500751 retransmit_seq=2 srtt=0.003 rttvar=0.000 rto=0.025 ready_bytes=0 upcoming_bytes=0 freq=71999142 heater_bed: target=0 temp=50.4 pwm=0.000  sysload=1.16 cputime=1728.308 memavail=6391932 print_time=123235.364 buffer_time=0.000 print_stall=0 extruder: target=0 temp=23.1 pwm=0.000
Stats 3985898.3: gcodein=0  mcu: mcu_awake=0.001 mcu_task_avg=0.000013 mcu_task_stddev=0.000008 bytes_write=16040176 bytes_read=16477443 bytes_retransmit=9 bytes_invalid=0 send_seq=500752 receive_seq=500752 retransmit_seq=2 srtt=0.003 rttvar=0.000 rto=0.025 ready_bytes=0 upcoming_bytes=0 freq=71999142 heater_bed: target=0 temp=50.4 pwm=0.000  sysload=1.16 cputime=1728.312 memavail=6521556 print_time=123235.364 buffer_time=0.000 print_stall=0 extruder: target=0 temp=23.0 pwm=0.000
Stats 3985899.3: gcodein=0  mcu: mcu_awake=0.001 mcu_task_avg=0.000013 mcu_task_stddev=0.000008 bytes_write=16040182 bytes_read=16477564 bytes_retransmit=9 bytes_invalid=0 send_seq=500753 receive_seq=500753 retransmit_seq=2 srtt=0.003 rttvar=0.000 rto=0.025 ready_bytes=0 upcoming_bytes=0 freq=71999142 heater_bed: target=0 temp=50.3 pwm=0.000  sysload=1.16 cputime=1728.316 memavail=6506508 print_time=123235.364 buffer_time=0.000 print_stall=0 extruder: target=0 temp=23.0 pwm=0.000
Stats 3985900.3: gcodein=0  mcu: mcu_awake=0.001 mcu_task_avg=0.000013 mcu_task_stddev=0.000008 bytes_write=16040188 bytes_read=16477670 bytes_retransmit=9 bytes_invalid=0 send_seq=500754 receive_seq=500754 retransmit_seq=2 srtt=0.003 rttvar=0.000 rto=0.025 ready_bytes=0 upcoming_bytes=0 freq=71999142 heater_bed: target=0 temp=50.3 pwm=0.000  sysload=1.16 cputime=1728.320 memavail=6487952 print_time=123235.364 buffer_time=0.000 print_stall=0 extruder: target=0 temp=23.0 pwm=0.000
Stats 3985901.3: gcodein=0  mcu: mcu_awake=0.001 mcu_task_avg=0.000013 mcu_task_stddev=0.000008 bytes_write=16040194 bytes_read=16477791 bytes_retransmit=9 bytes_invalid=0 send_seq=500755 receive_seq=500755 retransmit_seq=2 srtt=0.003 rttvar=0.000 rto=0.025 ready_bytes=0 upcoming_bytes=0 freq=71999142 heater_bed: target=0 temp=50.2 pwm=0.000  sysload=1.16 cputime=1728.324 memavail=6477648 print_time=123235.364 buffer_time=0.000 print_stall=0 extruder: target=0 temp=23.1 pwm=0.000
Stats 3985902.3: gcodein=0  mcu: mcu_awake=0.001 mcu_task_avg=0.000013 mcu_task_stddev=0.000008 bytes_write=16040200 bytes_read=16477925 bytes_retransmit=9 bytes_invalid=0 send_seq=500756 receive_seq=500756 retransmit_seq=2 srtt=0.003 rttvar=0.000 rto=0.025 ready_bytes=0 upcoming_bytes=0 freq=71999142 heater_bed: target=0 temp=50.2 pwm=0.000  sysload=1.15 cputime=1728.328 memavail=6466308 print_time=123235.364 buffer_time=0.000 print_stall=0 extruder: target=0 temp=23.1 pwm=0.000
Stats 3985903.3: gcodein=0  mcu: mcu_awake=0.001 mcu_task_avg=0.000013 mcu_task_stddev=0.000008 bytes_write=16040206 bytes_read=16478031 bytes_retransmit=9 bytes_invalid=0 send_seq=500757 receive_seq=500757 retransmit_seq=2 srtt=0.003 rttvar=0.000 rto=0.025 ready_bytes=0 upcoming_bytes=0 freq=71999141 heater_bed: target=0 temp=50.2 pwm=0.000  sysload=1.15 cputime=1728.332 memavail=6451444 print_time=123235.364 buffer_time=0.000 print_stall=0 extruder: target=0 temp=23.1 pwm=0.000
Stats 3985904.3: gcodein=0  mcu: mcu_awake=0.001 mcu_task_avg=0.000013 mcu_task_stddev=0.000008 bytes_write=16040212 bytes_read=16478152 bytes_retransmit=9 bytes_invalid=0 send_seq=500758 receive_seq=500758 retransmit_seq=2 srtt=0.003 rttvar=0.000 rto=0.025 ready_bytes=0 upcoming_bytes=0 freq=71999145 heater_bed: target=0 temp=50.1 pwm=0.000  sysload=1.15 cputime=1728.336 memavail=6433580 print_time=123235.364 buffer_time=0.000 print_stall=0 extruder: target=0 temp=23.1 pwm=0.000
Stats 3985905.3: gcodein=0  mcu: mcu_awake=0.001 mcu_task_avg=0.000013 mcu_task_stddev=0.000008 bytes_write=16040218 bytes_read=16478273 bytes_retransmit=9 bytes_invalid=0 send_seq=500759 receive_seq=500759 retransmit_seq=2 srtt=0.003 rttvar=0.000 rto=0.025 ready_bytes=0 upcoming_bytes=0 freq=71999145 heater_bed: target=0 temp=50.1 pwm=0.000  sysload=1.15 cputime=1728.340 memavail=6405940 print_time=123235.364 buffer_time=0.000 print_stall=0 extruder: target=0 temp=23.0 pwm=0.000
Stats 3985906.3: gcodein=0  mcu: mcu_awake=0.001 mcu_task_avg=0.000013 mcu_task_stddev=0.000008 bytes_write=16040224 bytes_read=16478379 bytes_retransmit=9 bytes_invalid=0 send_seq=500760 receive_seq=500760 retransmit_seq=2 srtt=0.003 rttvar=0.000 rto=0.025 ready_bytes=0 upcoming_bytes=0 freq=71999144 heater_bed: target=0 temp=50.1 pwm=0.000  sysload=1.15 cputime=1728.343 memavail=6391328 print_time=123235.364 buffer_time=0.000 print_stall=0 extruder: target=0 temp=23.1 pwm=0.000
Stats 3985907.3: gcodein=0  mcu: mcu_awake=0.001 mcu_task_avg=0.000014 mcu_task_stddev=0.000008 bytes_write=16040230 bytes_read=16478513 bytes_retransmit=9 bytes_invalid=0 send_seq=500761 receive_seq=500761 retransmit_seq=2 srtt=0.003 rttvar=0.000 rto=0.025 ready_bytes=0 upcoming_bytes=0 freq=71999144 heater_bed: target=0 temp=50.0 pwm=0.000  sysload=1.14 cputime=1728.348 memavail=6377076 print_time=123235.364 buffer_time=0.000 print_stall=0 extruder: target=0 temp=23.1 pwm=0.000
